Date-Time,FEIc6-FEIc5_s,FEIc3-FEIc2_s,FEIc5-FEIc4_s,FEIc4-FEIc3_s,FEIc2-FEIc1_s,FEIc6-FEIc5_s_signal,FEIc3-FEIc2_s_signal,FEIc5-FEIc4_s_signal,FEIc4-FEIc3_s_signal,FEIc2-FEIc1_s_signal
2006-01-02 00:00:00+00:00,-0.125,-0.085,-0.09,-0.005,-0.09,0,0,0,0,0
2006-01-03 00:00:00+00:00,-0.095,-0.075,-0.09,-0.01,-0.095,0,0,0,0,0
2006-01-04 00:00:00+00:00,0.0,-0.07,-0.09,-0.05,-0.075,0,0,0,0,0
2006-01-05 00:00:00+00:00,0.005,-0.075,-0.09,-0.055,-0.07,0,0,0,0,0
2006-01-06 00:00:00+00:00,0.025,-0.06,-0.09,-0.07,-0.075,0,0,0,0,0
2006-01-09 00:00:00+00:00,-0.01,-0.09,-0.09,-0.04,-0.07,0,0,0,0,0
2006-01-10 00:00:00+00:00,-0.045,-0.08,-0.09,-0.03,-0.08,0,0,0,0,0
2006-01-11 00:00:00+00:00,-0.07,-0.085,-0.09,-0.015,-0.09,0,0,0,0,0
2006-01-12 00:00:00+00:00,-0.035,-0.085,-0.09,-0.035,-0.08,0,0,0,0,0
2006-01-13 00:00:00+00:00,-0.025,-0.085,-0.09,-0.045,-0.07,0,0,0,0,0
2006-01-16 00:00:00+00:00,-0.025,-0.08,-0.09,-0.04,-0.085,0,0,0,0,0
2006-01-17 00:00:00+00:00,-0.025,-0.005,-0.09,-0.04,-0.08,0,0,0,0,0
2006-01-18 00:00:00+00:00,-0.005,-0.045,-0.11,0.005,-0.08,0,0,0,0,0
2006-01-19 00:00:00+00:00,0.035,-0.06,-0.15,0.045,-0.09,0,0,0,0,0
2006-01-20 00:00:00+00:00,0.03,-0.08,-0.145,0.05,-0.08,0,0,0,0,0
2006-01-23 00:00:00+00:00,0.04,-0.07,-0.155,0.04,-0.085,0,0,0,0,0
2006-01-24 00:00:00+00:00,0.035,-0.055,-0.15,0.03,-0.095,0,0,0,0,0
2006-01-25 00:00:00+00:00,0.05,-0.06,-0.165,0.035,-0.09,0,0,0,0,0
2006-01-26 00:00:00+00:00,0.055,-0.06,-0.17,0.035,-0.095,0,0,0,0,0
2006-01-27 00:00:00+00:00,0.06,-0.07,-0.175,0.05,-0.095,0,0,0,0,0
2006-01-30 00:00:00+00:00,0.075,-0.075,-0.19,0.06,-0.095,0,0,0,0,0
2006-01-31 00:00:00+00:00,0.075,-0.075,-0.19,0.06,-0.1,0,0,0,0,0
2006-02-01 00:00:00+00:00,0.09,-0.075,-0.205,0.06,-0.095,0,0,0,0,0
2006-02-02 00:00:00+00:00,0.08,-0.08,-0.195,0.06,-0.095,0,0,0,0,0
2006-02-03 00:00:00+00:00,0.06,-0.085,-0.175,0.06,-0.095,0,0,0,0,0
2006-02-06 00:00:00+00:00,0.07,-0.09,-0.185,0.06,-0.09,0,0,0,0,0
2006-02-07 00:00:00+00:00,0.07,-0.085,-0.185,0.06,-0.095,0,0,0,0,0
2006-02-08 00:00:00+00:00,0.065,-0.085,-0.18,0.06,-0.095,0,0,0,0,0
2006-02-09 00:00:00+00:00,0.05,-0.09,-0.165,0.06,-0.09,0,0,0,0,0
2006-02-10 00:00:00+00:00,0.045,-0.065,-0.16,0.035,-0.09,0,0,0,0,0
2006-02-13 00:00:00+00:00,0.04,-0.065,-0.155,0.035,-0.085,0,0,0,0,0
2006-02-14 00:00:00+00:00,0.04,-0.065,-0.005,-0.115,-0.005,0,0,0,0,0
2006-02-15 00:00:00+00:00,0.04,-0.065,0.0,-0.12,-0.005,0,0,0,0,0
2006-02-16 00:00:00+00:00,0.04,-0.065,0.0,-0.12,0.0,0,0,0,0,0
2006-02-17 00:00:00+00:00,0.04,-0.11,-0.025,-0.05,-0.01,0,0,0,0,0
2006-02-20 00:00:00+00:00,0.04,-0.11,-0.025,-0.05,-0.005,0,0,0,0,0
2006-02-21 00:00:00+00:00,0.04,-0.11,-0.01,-0.065,0.0,0,0,0,0,0
2006-02-22 00:00:00+00:00,0.04,-0.055,-0.005,-0.06,-0.065,0,0,0,0,0
2006-02-23 00:00:00+00:00,0.04,-0.07,0.025,-0.07,-0.065,0,0,0,0,0
2006-02-24 00:00:00+00:00,0.04,-0.07,0.035,-0.075,-0.065,0,0,0,0,0
2006-02-27 00:00:00+00:00,0.04,-0.085,0.055,-0.08,-0.06,0,0,0,0,0
2006-02-28 00:00:00+00:00,0.04,-0.07,0.055,-0.095,-0.06,0,0,0,0,0
2006-03-01 00:00:00+00:00,0.04,-0.075,0.06,-0.085,-0.075,0,0,0,0,0
2006-03-02 00:00:00+00:00,0.04,-0.075,0.09,-0.1,-0.085,0,0,0,0,0
2006-03-03 00:00:00+00:00,0.04,-0.08,0.1,-0.095,-0.085,0,0,0,0,0
2006-03-06 00:00:00+00:00,0.04,-0.085,0.095,-0.095,-0.085,0,0,0,0,0
2006-03-07 00:00:00+00:00,0.04,-0.08,0.105,-0.105,-0.09,0,0,0,0,0
2006-03-08 00:00:00+00:00,0.04,-0.08,0.11,-0.11,-0.085,0,0,0,0,0
2006-03-09 00:00:00+00:00,0.04,-0.08,0.1,-0.1,-0.085,0,0,0,0,0
2006-03-10 00:00:00+00:00,0.04,-0.075,0.115,-0.115,-0.085,0,0,0,0,0
2006-03-13 00:00:00+00:00,0.04,-0.09,0.125,-0.105,-0.095,0,0,0,0,0
2006-03-14 00:00:00+00:00,-0.305,-0.1,0.125,-0.015,-0.085,0,0,0,0,0
2006-03-15 00:00:00+00:00,-0.335,-0.105,0.125,-0.01,-0.09,0,0,0,0,0
2006-03-16 00:00:00+00:00,-0.325,-0.105,0.125,-0.005,-0.09,0,0,0,0,0
2006-03-17 00:00:00+00:00,-0.375,-0.115,0.125,0.03,-0.1,0,0,0,0,0
2006-03-20 00:00:00+00:00,-0.35,-0.105,0.125,0.02,-0.095,0,0,0,0,0
2006-03-21 00:00:00+00:00,-0.36,-0.095,0.125,0.025,-0.105,0,0,0,0,0
2006-03-22 00:00:00+00:00,-0.35,-0.09,0.125,0.02,-0.11,0,0,0,0,0
2006-03-23 00:00:00+00:00,-0.365,-0.105,0.21,-0.06,-0.095,0,0,0,0,0
2006-03-24 00:00:00+00:00,-0.34,-0.09,0.21,-0.075,-0.1,1,0,0,0,0
2006-03-27 00:00:00+00:00,-0.345,-0.1,0.21,-0.07,-0.09,1,0,0,0,0
2006-03-28 00:00:00+00:00,-0.415,-0.11,0.21,-0.01,-0.1,1,0,0,0,0
2006-03-29 00:00:00+00:00,-0.435,-0.105,0.285,-0.075,-0.11,1,0,-1,0,0
2006-03-30 00:00:00+00:00,-0.445,-0.11,0.285,-0.07,-0.105,1,0,-1,0,0
2006-03-31 00:00:00+00:00,-0.46,-0.115,0.285,-0.065,-0.1,1,0,-1,0,0
2006-04-03 00:00:00+00:00,-0.49,-0.115,0.285,-0.05,-0.11,1,0,-1,0,0
2006-04-04 00:00:00+00:00,-0.485,-0.115,0.285,-0.05,-0.11,1,0,-1,0,0
2006-04-05 00:00:00+00:00,-0.44,-0.085,0.285,-0.08,-0.12,1,0,-1,0,0
2006-04-06 00:00:00+00:00,-0.365,0.01,0.285,-0.175,-0.205,1,-1,-1,1,1
2006-04-07 00:00:00+00:00,-0.345,-0.095,0.285,-0.18,-0.095,1,0,-1,1,0
2006-04-10 00:00:00+00:00,-0.36,-0.11,0.285,-0.17,-0.09,1,0,-1,1,0
2006-04-11 00:00:00+00:00,-0.35,-0.105,0.285,-0.18,-0.09,1,0,-1,1,0
2006-04-12 00:00:00+00:00,-0.345,-0.105,0.285,-0.19,-0.085,1,0,-1,1,0
2006-04-13 00:00:00+00:00,-0.375,-0.115,0.285,-0.18,-0.085,1,0,-1,1,0
2006-04-18 00:00:00+00:00,-0.03,-0.015,-0.06,-0.18,-0.11,0,-1,0,1,0
2006-04-19 00:00:00+00:00,-0.03,-0.015,-0.06,-0.18,-0.095,0,-1,0,1,0
2006-04-20 00:00:00+00:00,-0.03,-0.005,-0.06,-0.18,-0.115,0,-1,0,1,0
2006-04-21 00:00:00+00:00,-0.03,-0.015,-0.06,-0.18,-0.105,0,-1,0,1,0
2006-04-24 00:00:00+00:00,-0.03,-0.01,-0.06,-0.18,-0.11,0,-1,0,1,0
2006-04-25 00:00:00+00:00,0.05,0.04,-0.14,-0.18,-0.145,0,-1,0,1,0
2006-04-26 00:00:00+00:00,0.07,0.055,-0.16,-0.18,-0.135,0,-1,0,1,0
2006-04-27 00:00:00+00:00,0.055,0.05,-0.145,-0.18,-0.125,0,-1,0,1,0
2006-04-28 00:00:00+00:00,0.05,0.05,-0.14,-0.18,-0.12,0,-1,0,1,0
2006-05-02 00:00:00+00:00,0.07,0.07,-0.16,-0.18,-0.14,0,-1,0,1,0
2006-05-03 00:00:00+00:00,0.065,0.05,-0.155,-0.18,-0.13,0,-1,0,1,0
2006-05-04 00:00:00+00:00,0.07,0.06,-0.16,-0.18,-0.145,0,-1,0,1,0
2006-05-05 00:00:00+00:00,0.075,0.07,-0.165,-0.18,-0.155,0,-1,0,1,0
2006-05-08 00:00:00+00:00,0.09,0.08,-0.18,-0.18,-0.145,0,-1,0,1,0
2006-05-09 00:00:00+00:00,0.095,0.085,-0.185,-0.18,-0.155,0,-1,0,1,0
2006-05-10 00:00:00+00:00,0.085,-0.075,-0.175,-0.03,-0.16,0,0,0,0,0
2006-05-11 00:00:00+00:00,0.105,-0.075,-0.195,-0.03,-0.16,0,0,0,0,0
2006-05-12 00:00:00+00:00,0.095,-0.08,-0.185,-0.03,-0.155,0,0,0,0,0
2006-05-15 00:00:00+00:00,0.03,-0.1,-0.12,-0.03,-0.135,0,0,0,0,0
2006-05-16 00:00:00+00:00,0.03,-0.03,-0.01,-0.14,-0.075,0,0,0,0,0
2006-05-17 00:00:00+00:00,0.03,-0.03,0.0,-0.15,-0.07,0,0,0,0,0
2006-05-18 00:00:00+00:00,0.03,-0.03,-0.01,-0.14,-0.075,0,0,0,0,0
2006-05-19 00:00:00+00:00,0.03,-0.015,0.005,-0.155,-0.08,0,0,0,0,0
2006-05-22 00:00:00+00:00,0.03,-0.035,-0.04,-0.11,-0.075,0,0,0,0,0
2006-05-23 00:00:00+00:00,0.03,-0.035,-0.04,-0.11,-0.07,0,0,0,0,0
2006-05-24 00:00:00+00:00,0.03,-0.045,-0.055,-0.095,-0.07,0,0,0,0,0
2006-05-25 00:00:00+00:00,0.03,-0.045,-0.05,-0.1,-0.075,0,0,0,0,0
2006-05-26 00:00:00+00:00,0.03,-0.045,-0.05,-0.1,-0.075,0,0,0,0,0
2006-05-29 00:00:00+00:00,0.03,-0.045,-0.045,-0.105,-0.08,0,0,0,0,0
2006-05-30 00:00:00+00:00,0.03,-0.045,-0.015,-0.135,-0.06,0,0,0,0,0
2006-05-31 00:00:00+00:00,0.03,-0.11,0.025,-0.085,-0.065,0,0,0,0,0
2006-06-01 00:00:00+00:00,0.03,-0.095,0.025,-0.085,-0.08,0,0,0,0,0
2006-06-02 00:00:00+00:00,0.03,-0.095,-0.01,-0.05,-0.1,0,0,0,0,0
2006-06-05 00:00:00+00:00,0.03,-0.095,0.045,-0.105,-0.08,0,0,0,0,0
2006-06-06 00:00:00+00:00,0.03,-0.095,0.05,-0.11,-0.07,0,0,0,0,0
2006-06-07 00:00:00+00:00,0.03,-0.095,0.04,-0.1,-0.075,0,0,0,0,0
2006-06-08 00:00:00+00:00,0.03,-0.145,-0.02,-0.04,-0.085,0,0,0,0,0
2006-06-09 00:00:00+00:00,0.03,-0.16,-0.05,-0.01,-0.085,0,0,0,0,0
2006-06-12 00:00:00+00:00,0.03,-0.095,-0.055,-0.075,-0.08,0,0,0,0,0
2006-06-13 00:00:00+00:00,0.03,-0.095,-0.06,-0.07,-0.075,0,0,0,0,0
2006-06-14 00:00:00+00:00,0.03,-0.09,-0.035,-0.095,-0.07,0,0,0,0,0
2006-06-15 00:00:00+00:00,0.03,-0.085,-0.025,-0.105,-0.085,0,0,0,0,0
2006-06-16 00:00:00+00:00,0.03,-0.09,-0.025,-0.105,-0.08,0,0,0,0,0
2006-06-19 00:00:00+00:00,0.03,-0.095,0.01,-0.11,-0.1,0,0,0,0,0
2006-06-20 00:00:00+00:00,-0.25,-0.125,0.01,0.015,-0.085,0,0,0,-1,0
2006-06-21 00:00:00+00:00,-0.25,-0.11,0.01,0.01,-0.1,0,0,0,-1,0
2006-06-22 00:00:00+00:00,-0.28,-0.135,0.01,0.035,-0.1,0,0,0,-1,0
2006-06-23 00:00:00+00:00,-0.29,-0.14,0.01,0.04,-0.095,0,0,0,-1,0
2006-06-26 00:00:00+00:00,-0.33,-0.12,0.01,0.075,-0.13,0,0,0,-1,0
2006-06-27 00:00:00+00:00,-0.355,-0.12,0.01,0.075,-0.11,0,0,0,-1,0
2006-06-28 00:00:00+00:00,-0.36,-0.115,0.01,0.07,-0.115,0,0,0,-1,0
2006-06-29 00:00:00+00:00,-0.31,-0.1,0.01,0.03,-0.115,0,0,0,-1,0
2006-06-30 00:00:00+00:00,-0.34,-0.11,0.01,0.04,-0.105,0,0,0,-1,0
2006-07-03 00:00:00+00:00,-0.35,-0.105,0.01,0.035,-0.11,0,0,0,-1,0
2006-07-04 00:00:00+00:00,-0.335,-0.105,0.01,0.03,-0.105,0,0,0,-1,0
2006-07-05 00:00:00+00:00,-0.37,-0.12,0.01,0.055,-0.115,0,0,0,-1,0
2006-07-06 00:00:00+00:00,-0.405,-0.135,0.01,0.07,-0.1,1,0,0,-1,0
2006-07-07 00:00:00+00:00,-0.37,-0.115,0.01,0.05,-0.11,1,0,0,-1,0
2006-07-10 00:00:00+00:00,-0.385,-0.125,0.01,0.06,-0.115,1,0,0,-1,0
2006-07-11 00:00:00+00:00,-0.365,-0.115,0.01,0.05,-0.115,1,0,0,-1,0
2006-07-12 00:00:00+00:00,-0.375,-0.12,0.01,0.055,-0.11,1,0,0,-1,0
2006-07-13 00:00:00+00:00,-0.325,-0.095,0.01,0.035,-0.115,1,0,0,-1,0
2006-07-14 00:00:00+00:00,-0.305,-0.11,0.01,0.03,-0.105,1,0,0,-1,0
2006-07-17 00:00:00+00:00,-0.305,-0.105,0.01,0.035,-0.115,1,0,0,-1,0
2006-07-18 00:00:00+00:00,0.015,0.005,-0.31,0.035,-0.105,0,0,1,-1,0
2006-07-19 00:00:00+00:00,0.015,0.005,-0.31,0.035,-0.105,0,0,1,-1,0
2006-07-20 00:00:00+00:00,0.005,0.005,-0.3,0.035,-0.1,0,0,1,-1,0
2006-07-21 00:00:00+00:00,-0.005,0.005,-0.29,0.035,-0.105,0,0,1,0,0
2006-07-24 00:00:00+00:00,0.01,0.015,-0.305,0.035,-0.105,0,0,1,0,0
2006-07-25 00:00:00+00:00,-0.005,0.015,-0.29,0.035,-0.11,0,0,1,0,0
2006-07-26 00:00:00+00:00,0.005,-0.115,-0.3,0.155,-0.1,0,0,1,-1,0
2006-07-27 00:00:00+00:00,-0.005,-0.115,-0.29,0.155,-0.105,0,0,1,-1,0
2006-07-28 00:00:00+00:00,-0.015,-0.105,-0.28,0.145,-0.105,0,0,1,-1,0
2006-07-31 00:00:00+00:00,-0.01,-0.11,-0.285,0.15,-0.1,0,0,1,-1,0
2006-08-01 00:00:00+00:00,-0.02,-0.095,-0.275,0.14,-0.11,0,0,1,-1,0
2006-08-02 00:00:00+00:00,-0.02,-0.1,-0.275,0.14,-0.095,0,0,1,-1,0
2006-08-03 00:00:00+00:00,0.045,-0.105,-0.34,0.17,-0.12,0,0,1,-1,0
2006-08-04 00:00:00+00:00,0.03,-0.11,-0.325,0.17,-0.115,0,0,1,-1,0
2006-08-07 00:00:00+00:00,0.03,-0.105,-0.325,0.17,-0.12,0,0,1,-1,0
2006-08-08 00:00:00+00:00,0.02,-0.12,-0.315,0.18,-0.11,0,0,1,-1,0
2006-08-09 00:00:00+00:00,0.05,-0.13,-0.345,0.19,-0.11,0,0,1,-1,0
2006-08-10 00:00:00+00:00,0.045,-0.14,-0.34,0.19,-0.105,0,0,1,-1,0
2006-08-11 00:00:00+00:00,0.065,-0.13,-0.36,0.19,-0.115,0,0,1,-1,0
2006-08-14 00:00:00+00:00,0.095,-0.12,-0.39,0.19,-0.125,0,0,1,-1,0
2006-08-15 00:00:00+00:00,0.09,0.015,0.0,-0.195,-0.14,0,-1,0,0,1
2006-08-16 00:00:00+00:00,0.09,0.005,-0.01,-0.185,-0.13,0,-1,0,1,1
2006-08-17 00:00:00+00:00,0.09,0.025,0.01,-0.205,-0.15,0,-1,0,1,1
2006-08-18 00:00:00+00:00,0.09,-0.085,0.015,-0.1,-0.15,0,0,0,1,1
2006-08-21 00:00:00+00:00,0.09,-0.085,0.0,-0.085,-0.155,0,0,0,1,1
2006-08-22 00:00:00+00:00,0.09,-0.085,-0.045,-0.04,-0.16,0,0,0,0,1
2006-08-23 00:00:00+00:00,0.09,-0.085,-0.05,-0.035,-0.155,0,0,0,0,1
2006-08-24 00:00:00+00:00,0.09,-0.115,-0.045,-0.04,-0.13,0,0,0,0,1
2006-08-25 00:00:00+00:00,0.09,-0.125,-0.05,-0.035,-0.12,0,0,0,0,0
2006-08-28 00:00:00+00:00,0.09,-0.12,-0.055,-0.03,-0.125,0,0,0,0,0
2006-08-29 00:00:00+00:00,0.09,-0.11,-0.045,-0.04,-0.14,0,0,0,0,0
2006-08-30 00:00:00+00:00,0.09,-0.12,-0.035,-0.05,-0.125,0,0,0,0,0
2006-08-31 00:00:00+00:00,0.09,-0.115,-0.03,-0.055,-0.125,0,0,0,0,0
2006-09-01 00:00:00+00:00,0.09,-0.115,-0.02,-0.065,-0.13,0,0,0,0,0
2006-09-04 00:00:00+00:00,0.09,-0.115,-0.01,-0.075,-0.13,0,0,0,0,0
2006-09-05 00:00:00+00:00,0.09,-0.095,0.01,-0.095,-0.145,0,0,0,0,0
2006-09-06 00:00:00+00:00,0.09,-0.09,0.02,-0.105,-0.145,0,0,0,0,0
2006-09-07 00:00:00+00:00,0.09,-0.085,0.03,-0.115,-0.145,0,0,0,0,0
2006-09-08 00:00:00+00:00,0.09,-0.09,0.035,-0.12,-0.14,0,0,0,0,0
2006-09-11 00:00:00+00:00,0.09,-0.085,0.05,-0.125,-0.15,0,0,0,0,0
2006-09-12 00:00:00+00:00,0.09,-0.09,0.045,-0.11,-0.16,0,0,0,0,1
2006-09-13 00:00:00+00:00,0.09,-0.09,0.04,-0.105,-0.155,0,0,0,0,1
2006-09-14 00:00:00+00:00,0.09,-0.09,0.04,-0.105,-0.16,0,0,0,0,1
2006-09-15 00:00:00+00:00,0.09,-0.08,0.04,-0.125,-0.155,0,0,0,0,1
2006-09-18 00:00:00+00:00,0.09,-0.07,0.045,-0.125,-0.175,0,0,0,0,1
2006-09-19 00:00:00+00:00,-0.15,-0.105,0.045,-0.02,-0.08,0,0,0,0,0
2006-09-20 00:00:00+00:00,-0.18,-0.12,0.045,-0.005,-0.08,0,0,0,0,0
2006-09-21 00:00:00+00:00,-0.13,-0.11,0.045,-0.025,-0.08,0,0,0,0,0
2006-09-22 00:00:00+00:00,-0.08,-0.1,0.045,-0.05,-0.07,0,0,0,0,-1
2006-09-25 00:00:00+00:00,-0.015,-0.085,0.045,-0.095,-0.06,0,0,0,0,-1
2006-09-26 00:00:00+00:00,-0.06,-0.1,0.045,-0.06,-0.065,0,0,0,0,-1
2006-09-27 00:00:00+00:00,-0.08,-0.11,0.045,-0.04,-0.075,0,0,0,0,-1
2006-09-28 00:00:00+00:00,-0.1,-0.105,0.045,-0.04,-0.075,0,0,0,0,-1
2006-09-29 00:00:00+00:00,-0.12,-0.125,0.045,-0.03,-0.06,0,0,0,0,-1
2006-10-02 00:00:00+00:00,-0.12,-0.11,0.045,-0.025,-0.08,0,0,0,0,-1
2006-10-03 00:00:00+00:00,-0.125,-0.105,0.045,-0.03,-0.08,0,0,0,0,-1
2006-10-04 00:00:00+00:00,-0.105,-0.105,0.045,-0.035,-0.08,0,0,0,0,-1
2006-10-05 00:00:00+00:00,-0.115,-0.11,0.045,-0.03,-0.08,0,0,0,0,-1
2006-10-06 00:00:00+00:00,-0.125,-0.11,0.045,-0.03,-0.085,0,0,0,0,-1
2006-10-09 00:00:00+00:00,-0.135,-0.11,0.045,-0.03,-0.08,0,0,0,0,-1
2006-10-10 00:00:00+00:00,-0.18,-0.12,0.045,0.0,-0.095,1,0,0,0,0
2006-10-11 00:00:00+00:00,-0.185,-0.125,0.045,0.0,-0.085,1,0,0,0,0
2006-10-12 00:00:00+00:00,-0.165,-0.135,0.045,-0.005,-0.07,1,0,0,0,0
2006-10-13 00:00:00+00:00,-0.165,-0.12,0.045,-0.01,-0.08,1,0,0,0,0
2006-10-16 00:00:00+00:00,-0.16,-0.125,0.045,-0.01,-0.07,1,0,0,0,0
2006-10-17 00:00:00+00:00,0.0,0.005,-0.025,-0.1,-0.12,0,-1,0,0,0
2006-10-18 00:00:00+00:00,-0.02,-0.005,-0.005,-0.1,-0.12,0,-1,0,0,0
2006-10-19 00:00:00+00:00,-0.005,0.0,-0.035,-0.085,-0.115,0,-1,0,0,0
2006-10-20 00:00:00+00:00,0.01,-0.005,-0.05,-0.085,-0.115,0,-1,0,0,0
2006-10-23 00:00:00+00:00,0.04,0.015,-0.04,-0.125,-0.125,0,-1,0,0,0
2006-10-24 00:00:00+00:00,0.045,-0.045,-0.045,-0.06,-0.13,0,-1,0,0,0
2006-10-25 00:00:00+00:00,0.05,-0.055,-0.05,-0.05,-0.125,0,0,0,0,0
2006-10-26 00:00:00+00:00,0.06,-0.045,-0.06,-0.055,-0.13,0,0,0,0,0
2006-10-27 00:00:00+00:00,0.055,-0.045,-0.055,-0.055,-0.13,0,0,0,0,0
2006-10-30 00:00:00+00:00,0.055,-0.055,-0.055,-0.055,-0.115,0,0,0,0,0
2006-10-31 00:00:00+00:00,0.02,-0.055,-0.02,-0.055,-0.125,0,0,0,0,0
2006-11-01 00:00:00+00:00,0.005,-0.06,-0.005,-0.055,-0.12,0,0,0,0,0
2006-11-02 00:00:00+00:00,0.025,-0.055,-0.015,-0.065,-0.125,0,0,0,0,0
2006-11-03 00:00:00+00:00,0.065,-0.045,-0.035,-0.085,-0.135,0,0,0,0,0
2006-11-06 00:00:00+00:00,0.07,-0.035,-0.04,-0.085,-0.135,0,0,0,0,0
2006-11-07 00:00:00+00:00,0.075,-0.035,-0.04,-0.09,-0.135,0,0,0,0,0
2006-11-08 00:00:00+00:00,0.085,-0.035,-0.04,-0.1,-0.145,0,0,0,0,0
2006-11-09 00:00:00+00:00,0.08,-0.035,-0.035,-0.1,-0.14,0,0,0,0,0
2006-11-10 00:00:00+00:00,0.045,-0.05,0.0,-0.1,-0.135,0,0,0,0,0
2006-11-13 00:00:00+00:00,0.045,-0.055,0.0,-0.1,-0.125,0,0,0,0,0
2006-11-14 00:00:00+00:00,0.045,-0.12,0.0,-0.035,0.005,0,0,0,0,-1
2006-11-15 00:00:00+00:00,0.045,-0.075,0.01,-0.045,-0.04,0,0,0,0,-1
2006-11-16 00:00:00+00:00,0.045,-0.075,0.01,-0.045,-0.045,0,0,0,0,-1
2006-11-17 00:00:00+00:00,0.045,-0.08,-0.025,-0.01,-0.05,0,0,0,0,-1
2006-11-20 00:00:00+00:00,0.045,-0.11,-0.055,0.02,-0.035,0,0,0,-1,-1
2006-11-21 00:00:00+00:00,0.045,-0.1,-0.045,0.01,-0.04,0,0,0,-1,-1
2006-11-22 00:00:00+00:00,0.045,-0.105,-0.06,0.025,-0.045,0,0,0,-1,-1
2006-11-23 00:00:00+00:00,0.045,-0.065,-0.025,-0.045,-0.035,0,0,0,0,-1
2006-11-24 00:00:00+00:00,0.045,-0.075,-0.04,-0.03,-0.04,0,0,0,0,-1
2006-11-27 00:00:00+00:00,0.045,-0.075,-0.065,-0.005,-0.045,0,0,0,0,-1
2006-11-28 00:00:00+00:00,0.045,-0.075,-0.07,0.0,-0.05,0,0,0,0,-1
2006-11-29 00:00:00+00:00,0.045,-0.05,-0.05,-0.045,-0.045,0,0,0,0,-1
2006-11-30 00:00:00+00:00,0.045,-0.05,-0.06,-0.035,-0.045,0,0,0,0,-1
2006-12-01 00:00:00+00:00,0.045,0.005,-0.09,-0.06,-0.05,0,-1,1,0,-1
2006-12-04 00:00:00+00:00,0.045,0.005,-0.125,-0.025,-0.05,0,-1,1,0,-1
2006-12-05 00:00:00+00:00,0.045,0.005,-0.105,-0.045,-0.04,0,-1,1,0,-1
2006-12-06 00:00:00+00:00,0.045,0.005,-0.08,-0.07,-0.04,0,-1,1,0,-1
2006-12-07 00:00:00+00:00,0.045,-0.055,-0.05,-0.04,-0.035,0,0,0,0,-1
2006-12-08 00:00:00+00:00,0.045,-0.055,-0.035,-0.055,-0.035,0,0,0,0,-1
2006-12-11 00:00:00+00:00,0.045,-0.055,-0.035,-0.055,-0.04,0,0,0,0,-1
2006-12-12 00:00:00+00:00,0.045,-0.06,-0.04,-0.045,-0.04,0,0,0,0,-1
2006-12-13 00:00:00+00:00,0.045,-0.06,-0.015,-0.07,-0.035,0,0,0,0,-1
2006-12-14 00:00:00+00:00,0.045,-0.055,-0.005,-0.08,-0.04,0,0,0,0,-1
2006-12-15 00:00:00+00:00,0.045,-0.055,-0.005,-0.08,-0.04,0,0,0,0,0
2006-12-18 00:00:00+00:00,0.045,-0.08,0.0,-0.06,-0.04,0,0,0,0,0
2006-12-19 00:00:00+00:00,-0.125,-0.06,0.0,0.015,-0.08,0,0,0,0,0
2006-12-20 00:00:00+00:00,-0.14,-0.08,0.0,0.02,-0.065,0,0,0,0,0
2006-12-21 00:00:00+00:00,-0.125,-0.075,0.0,0.015,-0.07,0,0,0,0,0
2006-12-22 00:00:00+00:00,-0.16,-0.065,0.0,0.03,-0.085,0,0,0,0,0
2006-12-27 00:00:00+00:00,-0.18,-0.075,0.0,0.04,-0.085,1,0,0,-1,0
2006-12-28 00:00:00+00:00,-0.185,-0.085,0.0,0.05,-0.09,1,0,0,-1,0
2006-12-29 00:00:00+00:00,-0.185,-0.08,0.0,0.045,-0.075,1,0,0,-1,0
2007-01-02 00:00:00+00:00,-0.175,-0.08,0.0,0.045,-0.085,1,0,0,-1,0
2007-01-03 00:00:00+00:00,-0.165,-0.08,0.0,0.045,-0.085,1,0,0,-1,0
2007-01-04 00:00:00+00:00,-0.17,-0.08,0.0,0.045,-0.085,1,0,0,-1,0
2007-01-05 00:00:00+00:00,-0.2,-0.075,0.0,0.055,-0.095,1,0,0,-1,0
2007-01-08 00:00:00+00:00,-0.19,-0.075,0.0,0.055,-0.095,1,0,0,-1,0
2007-01-09 00:00:00+00:00,-0.22,-0.08,0.0,0.07,-0.1,1,0,0,-1,0
2007-01-10 00:00:00+00:00,-0.225,-0.075,0.0,0.07,-0.1,1,0,0,-1,0
2007-01-11 00:00:00+00:00,-0.205,-0.055,0.0,0.05,-0.125,1,0,0,-1,0
2007-01-12 00:00:00+00:00,-0.215,-0.055,0.0,0.05,-0.12,1,0,0,-1,0
2007-01-15 00:00:00+00:00,-0.22,-0.085,0.0,0.05,-0.085,1,0,0,-1,0
2007-01-16 00:00:00+00:00,-0.005,0.0,-0.215,0.05,-0.085,0,0,1,-1,0
2007-01-17 00:00:00+00:00,0.0,0.0,-0.22,0.05,-0.075,0,0,1,-1,0
2007-01-18 00:00:00+00:00,-0.005,0.0,-0.215,0.05,-0.08,0,-1,1,-1,0
2007-01-19 00:00:00+00:00,0.01,0.005,-0.23,0.05,-0.08,0,-1,1,-1,0
2007-01-22 00:00:00+00:00,0.0,0.01,-0.22,0.05,-0.09,0,-1,1,-1,0
2007-01-23 00:00:00+00:00,0.02,0.01,-0.24,0.05,-0.09,0,-1,1,-1,0
2007-01-24 00:00:00+00:00,0.005,0.0,-0.225,0.05,-0.075,0,-1,1,-1,0
2007-01-25 00:00:00+00:00,0.01,0.005,-0.23,0.05,-0.085,0,-1,1,-1,0
2007-01-26 00:00:00+00:00,0.0,0.0,-0.22,0.05,-0.08,0,-1,1,-1,0
2007-01-29 00:00:00+00:00,0.015,0.005,-0.235,0.05,-0.085,0,-1,1,-1,0
2007-01-30 00:00:00+00:00,0.0,0.0,-0.22,0.05,-0.08,0,-1,1,0,0
2007-01-31 00:00:00+00:00,0.0,-0.005,-0.22,0.05,-0.08,0,-1,1,0,0
2007-02-01 00:00:00+00:00,-0.005,-0.005,-0.215,0.05,-0.08,0,-1,1,0,0
2007-02-02 00:00:00+00:00,-0.045,-0.015,-0.175,0.05,-0.08,0,0,1,0,0
2007-02-05 00:00:00+00:00,-0.045,-0.015,-0.175,0.05,-0.08,0,0,1,0,0
2007-02-06 00:00:00+00:00,-0.045,-0.01,-0.175,0.05,-0.08,0,0,1,0,0
2007-02-07 00:00:00+00:00,-0.03,-0.005,-0.19,0.05,-0.08,0,0,1,0,0
2007-02-08 00:00:00+00:00,-0.01,-0.005,-0.21,0.05,-0.08,0,0,1,0,0
2007-02-09 00:00:00+00:00,-0.015,-0.005,-0.205,0.05,-0.08,0,0,1,0,0
2007-02-12 00:00:00+00:00,-0.015,-0.005,-0.205,0.05,-0.085,0,0,1,0,0
2007-02-13 00:00:00+00:00,-0.01,-0.005,-0.21,0.05,-0.085,0,0,1,0,0
2007-02-14 00:00:00+00:00,-0.01,-0.005,-0.21,0.05,-0.085,0,0,1,0,0
2007-02-15 00:00:00+00:00,-0.02,-0.005,-0.2,0.05,-0.085,0,0,1,0,0
2007-02-16 00:00:00+00:00,-0.01,-0.005,-0.21,0.05,-0.09,0,0,1,0,0
2007-02-19 00:00:00+00:00,0.0,-0.005,-0.22,0.05,-0.085,0,0,1,0,0
2007-02-20 00:00:00+00:00,0.0,-0.005,-0.005,-0.165,-0.005,0,0,0,1,-1
2007-02-21 00:00:00+00:00,0.0,-0.005,-0.01,-0.16,-0.005,0,0,0,1,-1
2007-02-22 00:00:00+00:00,0.0,-0.005,-0.005,-0.165,0.0,0,0,0,1,-1
2007-02-23 00:00:00+00:00,0.0,-0.005,-0.005,-0.165,-0.005,0,0,0,1,-1
2007-02-26 00:00:00+00:00,-0.005,-0.005,-0.015,-0.15,-0.01,0,0,0,1,-1
2007-02-27 00:00:00+00:00,-0.015,-0.005,-0.085,-0.07,-0.03,0,0,0,1,-1
2007-02-28 00:00:00+00:00,-0.015,-0.005,-0.04,-0.115,-0.01,0,0,0,1,-1
2007-03-01 00:00:00+00:00,-0.015,0.005,-0.055,-0.1,-0.025,0,0,0,1,-1
2007-03-02 00:00:00+00:00,-0.015,0.005,-0.11,-0.045,-0.04,0,0,0,0,0
2007-03-05 00:00:00+00:00,-0.015,0.005,-0.095,-0.06,-0.03,0,0,0,0,0
2007-03-06 00:00:00+00:00,-0.015,0.005,-0.075,-0.08,-0.02,0,0,0,0,0
2007-03-07 00:00:00+00:00,-0.015,0.005,-0.08,-0.075,-0.025,0,0,0,0,0
2007-03-08 00:00:00+00:00,-0.015,0.005,-0.035,-0.12,-0.015,0,0,0,0,0
2007-03-09 00:00:00+00:00,-0.015,0.005,-0.015,-0.14,-0.015,0,0,0,0,0
2007-03-12 00:00:00+00:00,-0.015,0.005,-0.015,-0.14,-0.02,0,0,0,0,0
2007-03-13 00:00:00+00:00,-0.015,0.005,-0.035,-0.12,-0.025,0,0,0,0,0
2007-03-14 00:00:00+00:00,-0.015,0.02,-0.02,-0.135,-0.035,0,0,0,0,0
2007-03-15 00:00:00+00:00,-0.015,0.02,-0.025,-0.13,-0.035,0,0,0,0,0
2007-03-16 00:00:00+00:00,-0.015,0.015,-0.025,-0.13,-0.035,0,0,0,0,0
2007-03-19 00:00:00+00:00,-0.015,0.02,-0.005,-0.15,-0.045,0,0,0,0,0
2007-03-20 00:00:00+00:00,-0.055,-0.13,-0.005,0.0,0.0,0,1,0,0,0
2007-03-21 00:00:00+00:00,-0.025,-0.11,-0.005,-0.02,-0.005,0,1,0,0,0
2007-03-22 00:00:00+00:00,-0.055,-0.075,-0.005,0.0,-0.055,0,1,0,0,0
2007-03-23 00:00:00+00:00,-0.06,-0.075,-0.005,0.005,-0.06,0,1,0,0,0
2007-03-26 00:00:00+00:00,-0.075,-0.07,-0.005,0.0,-0.06,0,1,0,0,0
2007-03-27 00:00:00+00:00,-0.09,-0.085,-0.005,0.015,-0.05,0,1,0,0,0
2007-03-28 00:00:00+00:00,-0.095,-0.08,-0.005,0.025,-0.065,0,1,0,0,0
2007-03-29 00:00:00+00:00,-0.11,-0.09,-0.005,0.035,-0.06,0,1,0,0,0
2007-03-30 00:00:00+00:00,-0.115,-0.095,-0.005,0.04,-0.06,0,1,0,0,0
2007-04-02 00:00:00+00:00,-0.145,-0.1,-0.005,0.045,-0.05,0,1,0,0,0
2007-04-03 00:00:00+00:00,-0.14,-0.1,-0.005,0.045,-0.05,0,1,0,0,0
2007-04-04 00:00:00+00:00,-0.13,-0.1,-0.005,0.045,-0.045,0,1,0,0,0
2007-04-05 00:00:00+00:00,-0.145,-0.08,-0.005,0.05,-0.07,1,1,0,0,0
2007-04-10 00:00:00+00:00,-0.17,-0.09,-0.005,0.06,-0.065,1,1,0,0,0
2007-04-11 00:00:00+00:00,-0.185,-0.075,-0.005,0.065,-0.08,1,1,0,0,0
2007-04-12 00:00:00+00:00,-0.19,-0.075,-0.005,0.06,-0.08,1,1,0,0,0
2007-04-13 00:00:00+00:00,-0.205,-0.08,-0.005,0.065,-0.085,1,1,0,0,0
2007-04-16 00:00:00+00:00,-0.19,-0.085,-0.005,0.06,-0.07,1,1,0,0,0
2007-04-17 00:00:00+00:00,-0.015,0.005,-0.18,0.06,-0.09,0,0,0,0,0
2007-04-18 00:00:00+00:00,-0.02,0.0,-0.175,0.06,-0.085,0,0,0,0,0
2007-04-19 00:00:00+00:00,0.005,0.005,-0.2,0.06,-0.085,0,0,0,0,0
2007-04-20 00:00:00+00:00,0.0,0.005,-0.195,0.06,-0.085,0,0,0,0,0
2007-04-23 00:00:00+00:00,-0.01,0.0,-0.185,0.06,-0.085,0,0,0,0,0
2007-04-24 00:00:00+00:00,-0.01,0.0,-0.185,0.06,-0.08,0,0,0,0,0
2007-04-25 00:00:00+00:00,-0.005,0.0,-0.19,0.06,-0.08,0,0,0,0,0
2007-04-26 00:00:00+00:00,0.015,0.01,-0.21,0.06,-0.085,0,0,0,0,0
2007-04-27 00:00:00+00:00,0.005,0.01,-0.2,0.06,-0.085,0,0,0,0,0
2007-04-30 00:00:00+00:00,-0.02,0.005,-0.175,0.06,-0.075,0,0,0,0,0
2007-05-01 00:00:00+00:00,0.005,0.015,-0.2,0.06,-0.085,0,0,0,0,0
2007-05-02 00:00:00+00:00,0.02,0.01,-0.215,0.06,-0.08,0,0,0,0,0
2007-05-03 00:00:00+00:00,0.02,-0.04,-0.215,0.11,-0.085,0,0,0,0,0
2007-05-04 00:00:00+00:00,0.01,-0.04,-0.205,0.11,-0.08,0,0,0,0,0
2007-05-07 00:00:00+00:00,0.015,-0.035,-0.21,0.11,-0.085,0,0,0,0,0
2007-05-08 00:00:00+00:00,0.01,-0.035,-0.205,0.11,-0.08,0,0,0,0,0
2007-05-09 00:00:00+00:00,0.015,-0.04,-0.21,0.11,-0.075,0,0,0,0,0
2007-05-10 00:00:00+00:00,0.005,-0.035,-0.2,0.11,-0.08,0,0,0,0,0
2007-05-11 00:00:00+00:00,0.005,-0.03,-0.2,0.11,-0.085,0,0,0,0,0
2007-05-14 00:00:00+00:00,0.015,-0.03,-0.21,0.11,-0.085,0,0,0,0,0
2007-05-15 00:00:00+00:00,0.015,0.01,0.035,-0.135,-0.035,0,0,0,0,0
2007-05-16 00:00:00+00:00,0.015,0.03,0.06,-0.16,-0.055,0,0,0,0,0
2007-05-17 00:00:00+00:00,0.015,0.035,0.07,-0.17,-0.055,0,0,0,0,0
2007-05-18 00:00:00+00:00,0.015,0.03,0.07,-0.17,-0.05,0,0,0,0,0
2007-05-21 00:00:00+00:00,0.015,0.03,0.055,-0.155,-0.05,0,0,0,0,0
2007-05-22 00:00:00+00:00,0.015,0.03,0.08,-0.18,-0.05,0,0,0,0,0
2007-05-23 00:00:00+00:00,0.015,0.045,0.08,-0.18,-0.065,0,0,0,0,0
2007-05-24 00:00:00+00:00,0.015,0.02,0.055,-0.155,-0.04,0,0,0,0,0
2007-05-25 00:00:00+00:00,0.015,0.02,0.08,-0.18,-0.035,0,0,0,0,0
2007-05-28 00:00:00+00:00,0.015,0.02,0.09,-0.19,-0.04,0,0,0,0,0
2007-05-29 00:00:00+00:00,0.015,0.02,0.09,-0.19,-0.035,0,0,0,0,0
2007-05-30 00:00:00+00:00,0.015,0.02,0.085,-0.185,-0.035,0,0,0,0,0
2007-05-31 00:00:00+00:00,0.015,0.02,0.09,-0.19,-0.035,0,0,0,0,0
2007-06-01 00:00:00+00:00,0.015,0.02,0.1,-0.2,-0.035,0,0,0,0,0
2007-06-04 00:00:00+00:00,0.015,0.02,0.09,-0.19,-0.04,0,0,0,0,0
2007-06-05 00:00:00+00:00,0.015,0.02,0.09,-0.19,-0.035,0,0,0,0,0
2007-06-06 00:00:00+00:00,0.015,0.03,0.075,-0.175,-0.055,0,0,0,0,0
2007-06-07 00:00:00+00:00,0.015,0.035,0.09,-0.19,-0.055,0,0,0,0,0
2007-06-08 00:00:00+00:00,0.015,0.03,0.075,-0.175,-0.055,0,0,0,0,0
2007-06-11 00:00:00+00:00,0.015,0.03,0.07,-0.17,-0.06,0,0,0,0,0
2007-06-12 00:00:00+00:00,0.015,0.025,0.085,-0.185,-0.05,0,0,0,0,0
2007-06-13 00:00:00+00:00,0.015,0.03,0.075,-0.175,-0.055,0,0,0,0,0
2007-06-14 00:00:00+00:00,0.015,0.025,0.08,-0.18,-0.055,0,0,0,0,0
2007-06-15 00:00:00+00:00,0.015,0.025,0.08,-0.18,-0.05,0,0,0,0,0
2007-06-18 00:00:00+00:00,0.015,0.025,0.08,-0.18,-0.05,0,0,0,0,0
2007-06-19 00:00:00+00:00,-0.24,-0.14,0.08,-0.015,-0.005,1,1,0,0,-1
2007-06-20 00:00:00+00:00,-0.275,-0.155,0.08,0.0,0.0,1,1,0,0,-1
2007-06-21 00:00:00+00:00,-0.285,-0.155,0.08,0.0,0.0,1,1,0,0,-1
2007-06-22 00:00:00+00:00,-0.25,-0.14,0.08,-0.015,-0.005,1,1,0,0,-1
2007-06-25 00:00:00+00:00,-0.25,-0.145,0.08,-0.01,-0.005,1,1,0,0,-1
2007-06-26 00:00:00+00:00,-0.255,-0.145,0.08,-0.01,-0.01,1,1,0,0,-1
2007-06-27 00:00:00+00:00,-0.245,-0.145,0.08,-0.01,-0.015,1,1,0,0,-1
2007-06-28 00:00:00+00:00,-0.27,-0.155,0.08,0.0,-0.005,1,1,0,0,-1
2007-06-29 00:00:00+00:00,-0.26,-0.15,0.08,-0.005,0.0,1,1,0,0,-1
2007-07-01 00:00:00+00:00,-0.275,-0.15,0.08,-0.005,0.0,1,1,0,0,-1
2007-07-02 00:00:00+00:00,-0.28,-0.16,0.08,0.005,0.005,1,1,0,0,-1
2007-07-03 00:00:00+00:00,-0.275,-0.155,0.08,0.0,0.005,1,1,0,0,-1
2007-07-04 00:00:00+00:00,-0.285,-0.165,0.08,0.01,0.005,1,1,0,0,-1
2007-07-05 00:00:00+00:00,-0.315,-0.17,0.08,0.015,0.01,1,1,0,0,-1
2007-07-06 00:00:00+00:00,-0.32,-0.175,0.08,0.02,0.02,1,1,0,0,-1
2007-07-09 00:00:00+00:00,-0.305,-0.09,0.08,0.02,-0.07,1,0,0,0,0
2007-07-10 00:00:00+00:00,-0.27,-0.09,0.08,0.01,-0.065,1,0,0,0,0
2007-07-11 00:00:00+00:00,-0.3,-0.09,0.08,0.01,-0.065,1,0,0,0,0
2007-07-12 00:00:00+00:00,-0.31,-0.095,0.08,0.025,-0.075,1,0,0,0,0
2007-07-13 00:00:00+00:00,-0.3,-0.09,0.08,0.02,-0.07,1,0,0,0,0
2007-07-15 00:00:00+00:00,-0.305,-0.09,0.08,0.02,-0.07,1,0,0,0,0
2007-07-16 00:00:00+00:00,-0.285,-0.085,0.08,0.015,-0.07,1,0,0,0,0
2007-07-17 00:00:00+00:00,0.02,0.005,-0.225,0.015,-0.09,0,0,1,0,0
2007-07-18 00:00:00+00:00,0.01,0.005,-0.215,0.015,-0.095,0,0,1,0,0
2007-07-19 00:00:00+00:00,0.015,0.01,-0.22,0.015,-0.095,0,0,1,0,0
2007-07-20 00:00:00+00:00,-0.02,0.005,-0.185,0.015,-0.095,0,0,1,0,0
2007-07-22 00:00:00+00:00,-0.025,0.005,-0.18,0.015,-0.095,0,0,1,0,0
2007-07-23 00:00:00+00:00,-0.01,0.01,-0.195,0.015,-0.085,0,0,1,0,0
2007-07-24 00:00:00+00:00,-0.025,0.005,-0.18,0.015,-0.085,0,0,1,0,0
2007-07-25 00:00:00+00:00,-0.03,0.01,-0.175,0.015,-0.095,0,0,1,0,0
2007-07-26 00:00:00+00:00,-0.105,-0.02,-0.1,0.015,-0.08,0,0,1,0,0
2007-07-27 00:00:00+00:00,-0.09,-0.015,-0.115,0.015,-0.08,0,0,1,0,0
2007-07-30 00:00:00+00:00,-0.085,-0.01,-0.12,0.015,-0.095,0,0,1,0,0
2007-07-31 00:00:00+00:00,-0.105,-0.02,-0.1,0.015,-0.055,0,0,1,0,0
2007-08-01 00:00:00+00:00,-0.08,-0.015,-0.125,0.015,-0.06,0,0,1,0,0
2007-08-02 00:00:00+00:00,-0.065,0.005,-0.14,0.015,-0.075,0,0,1,0,0
2007-08-03 00:00:00+00:00,-0.11,-0.005,-0.095,0.015,-0.055,0,0,1,0,0
2007-08-05 00:00:00+00:00,-0.105,-0.005,-0.1,0.015,-0.055,0,0,1,0,0
2007-08-06 00:00:00+00:00,-0.08,0.0,-0.125,0.015,-0.06,0,0,1,0,0
2007-08-07 00:00:00+00:00,-0.08,0.005,-0.125,0.015,-0.05,0,0,1,0,0
2007-08-08 00:00:00+00:00,-0.04,0.025,-0.165,0.015,-0.04,0,0,1,0,0
2007-08-09 00:00:00+00:00,-0.135,-0.02,-0.07,0.015,0.03,0,0,0,0,-1
2007-08-10 00:00:00+00:00,-0.175,-0.03,-0.03,0.015,0.105,0,0,0,0,-1
2007-08-12 00:00:00+00:00,-0.195,-0.03,-0.01,0.015,0.105,0,0,0,0,-1
2007-08-13 00:00:00+00:00,-0.175,-0.01,-0.03,0.015,0.155,0,0,0,0,-1
2007-08-14 00:00:00+00:00,-0.185,-0.015,0.01,-0.015,0.01,0,0,0,0,0
2007-08-15 00:00:00+00:00,-0.185,-0.015,-0.02,0.015,0.04,0,0,0,0,0
2007-08-16 00:00:00+00:00,-0.185,-0.015,-0.035,0.03,0.05,0,0,0,0,0
2007-08-17 00:00:00+00:00,-0.185,-0.015,-0.13,0.125,0.0,0,0,0,0,0
2007-08-19 00:00:00+00:00,-0.185,-0.015,-0.09,0.085,0.0,0,0,0,0,0
2007-08-20 00:00:00+00:00,-0.185,-0.015,-0.12,0.115,0.025,0,0,0,0,0
2007-08-21 00:00:00+00:00,-0.185,-0.015,-0.115,0.11,0.07,0,0,0,0,0
2007-08-22 00:00:00+00:00,-0.185,-0.015,0.04,-0.045,0.125,0,0,0,0,-1
2007-08-23 00:00:00+00:00,-0.185,-0.015,0.105,-0.11,0.21,0,0,0,0,-1
2007-08-24 00:00:00+00:00,-0.185,-0.015,0.105,-0.11,0.185,0,0,0,0,-1
2007-08-26 00:00:00+00:00,-0.185,-0.015,0.115,-0.12,0.185,0,0,0,0,-1
2007-08-27 00:00:00+00:00,-0.185,-0.015,0.02,-0.025,0.195,0,0,0,0,-1
2007-08-28 00:00:00+00:00,-0.185,-0.015,-0.02,0.015,0.195,0,0,0,0,-1
2007-08-29 00:00:00+00:00,-0.185,-0.015,0.105,-0.11,0.285,0,0,0,1,-1
2007-08-30 00:00:00+00:00,-0.185,-0.015,0.09,-0.095,0.285,0,0,0,1,-1
2007-08-31 00:00:00+00:00,-0.185,-0.015,0.12,-0.125,0.275,0,0,0,1,-1
2007-09-02 00:00:00+00:00,-0.185,-0.015,0.12,-0.125,0.275,0,0,0,1,-1
2007-09-03 00:00:00+00:00,-0.185,-0.015,0.145,-0.15,0.32,0,0,0,1,-1
2007-09-04 00:00:00+00:00,-0.185,-0.015,0.165,-0.17,0.36,0,0,0,1,-1
2007-09-05 00:00:00+00:00,-0.185,-0.015,0.13,-0.135,0.32,0,0,0,1,-1
2007-09-06 00:00:00+00:00,-0.185,0.09,0.13,0.07,0.005,0,-1,0,0,0
2007-09-07 00:00:00+00:00,-0.185,0.07,0.07,0.13,0.02,0,-1,0,-1,0
2007-09-10 00:00:00+00:00,-0.185,0.08,0.08,0.12,0.035,0,-1,0,-1,0
2007-09-11 00:00:00+00:00,-0.185,0.11,0.145,0.05,0.02,0,-1,0,0,0
2007-09-12 00:00:00+00:00,-0.185,0.115,0.155,0.04,0.04,0,-1,0,0,0
2007-09-13 00:00:00+00:00,-0.185,0.09,0.09,0.09,0.035,0,-1,0,0,0
2007-09-14 00:00:00+00:00,-0.185,0.075,0.065,0.105,0.08,0,-1,0,0,0
2007-09-17 00:00:00+00:00,-0.185,0.11,0.07,0.1,0.065,0,-1,0,0,0
2007-09-18 00:00:00+00:00,0.17,0.24,0.075,-0.035,-0.035,-1,-1,0,0,0
2007-09-19 00:00:00+00:00,0.105,0.215,0.075,-0.01,-0.03,-1,-1,0,0,0
2007-09-20 00:00:00+00:00,0.075,0.195,0.075,0.01,-0.005,-1,-1,0,0,0
2007-09-21 00:00:00+00:00,0.12,0.165,0.075,0.04,0.02,-1,-1,0,0,0
2007-09-24 00:00:00+00:00,0.09,0.1,0.075,0.105,0.05,-1,-1,0,0,0
2007-09-25 00:00:00+00:00,0.085,0.075,0.075,0.13,0.07,-1,0,0,0,0
2007-09-26 00:00:00+00:00,0.04,0.055,0.075,0.15,0.085,-1,0,0,0,0
2007-09-27 00:00:00+00:00,0.02,0.07,0.075,0.165,0.07,-1,0,0,0,0
2007-09-28 00:00:00+00:00,0.015,0.08,0.075,0.155,0.055,-1,0,0,0,0
2007-09-30 00:00:00+00:00,0.015,0.075,0.075,0.16,0.055,-1,0,0,0,0
2007-10-01 00:00:00+00:00,0.01,0.075,0.075,0.16,0.065,-1,0,0,0,0
2007-10-02 00:00:00+00:00,0.005,0.065,0.075,0.17,0.075,-1,0,0,0,0
2007-10-03 00:00:00+00:00,0.0,0.07,0.075,0.16,0.07,-1,0,0,0,0
2007-10-04 00:00:00+00:00,0.035,0.075,0.075,0.135,0.08,-1,0,0,0,0
2007-10-05 00:00:00+00:00,0.01,0.065,0.075,0.125,0.09,-1,0,0,0,0
2007-10-08 00:00:00+00:00,0.025,0.07,0.075,0.125,0.09,-1,0,0,0,0
2007-10-09 00:00:00+00:00,0.005,0.06,0.075,0.12,0.09,-1,0,0,0,0
2007-10-10 00:00:00+00:00,-0.01,0.055,0.075,0.115,0.11,0,0,0,0,0
2007-10-11 00:00:00+00:00,0.01,0.06,0.075,0.04,0.14,0,0,0,0,0
2007-10-12 00:00:00+00:00,-0.05,0.045,0.075,0.04,0.13,0,0,0,0,0
2007-10-15 00:00:00+00:00,-0.05,0.05,0.075,0.005,0.165,0,0,0,0,0
2007-10-16 00:00:00+00:00,0.03,0.01,-0.005,0.005,0.045,0,0,0,0,0
2007-10-17 00:00:00+00:00,0.0,0.04,0.025,0.005,0.04,0,0,0,0,0
2007-10-18 00:00:00+00:00,-0.015,0.055,0.04,0.005,0.05,0,0,0,0,0
2007-10-19 00:00:00+00:00,-0.105,0.015,0.13,0.005,0.055,0,0,0,0,0
2007-10-21 00:00:00+00:00,-0.105,0.015,0.13,0.005,0.055,0,0,0,0,0
2007-10-22 00:00:00+00:00,-0.1,0.005,0.125,0.005,0.065,0,0,0,0,0
2007-10-23 00:00:00+00:00,-0.11,0.02,0.135,0.005,0.06,0,0,0,0,0
2007-10-24 00:00:00+00:00,-0.15,0.02,0.175,0.005,0.06,0,0,0,0,0
2007-10-25 00:00:00+00:00,-0.155,0.1,0.18,-0.075,0.055,0,0,0,0,0
2007-10-26 00:00:00+00:00,-0.135,0.105,0.16,-0.075,0.05,0,0,0,0,0
2007-10-29 00:00:00+00:00,-0.12,0.135,0.145,-0.075,0.035,0,0,0,0,0
2007-10-30 00:00:00+00:00,-0.07,0.14,0.095,-0.075,0.045,0,0,0,0,0
2007-10-31 00:00:00+00:00,0.02,0.165,0.005,-0.075,0.035,0,0,0,0,0
2007-11-01 00:00:00+00:00,-0.06,0.14,0.085,-0.075,0.04,0,0,0,0,0
2007-11-02 00:00:00+00:00,-0.04,0.17,0.065,-0.075,0.03,0,0,0,0,0
2007-11-05 00:00:00+00:00,-0.035,0.185,0.06,-0.075,0.02,0,0,0,0,0
2007-11-06 00:00:00+00:00,-0.035,0.18,0.06,-0.075,0.025,0,0,0,0,0
2007-11-07 00:00:00+00:00,-0.065,0.165,0.09,-0.075,0.035,0,0,0,0,0
2007-11-08 00:00:00+00:00,-0.11,0.12,0.135,-0.075,0.045,0,0,0,0,0
2007-11-09 00:00:00+00:00,-0.125,0.12,0.15,-0.075,0.05,0,0,0,0,0
2007-11-12 00:00:00+00:00,-0.12,0.12,0.145,-0.075,0.06,0,0,0,0,0
2007-11-13 00:00:00+00:00,-0.11,0.135,0.135,-0.075,0.05,0,0,0,0,0
2007-11-14 00:00:00+00:00,-0.105,0.155,0.13,-0.075,0.035,0,0,0,0,0
2007-11-15 00:00:00+00:00,-0.115,0.195,0.14,-0.075,0.02,0,0,0,0,0
2007-11-16 00:00:00+00:00,-0.065,0.215,0.09,-0.075,0.015,0,0,0,0,0
2007-11-19 00:00:00+00:00,-0.105,0.23,0.13,-0.075,0.0,0,-1,0,0,0
2007-11-20 00:00:00+00:00,-0.11,0.12,0.035,0.025,0.12,0,0,0,0,0
2007-11-21 00:00:00+00:00,-0.11,0.105,0.0,0.06,0.12,0,0,1,0,0
2007-11-22 00:00:00+00:00,-0.11,0.115,0.015,0.045,0.145,0,0,1,0,0
2007-11-23 00:00:00+00:00,-0.11,0.12,0.015,0.045,0.12,0,0,1,0,0
2007-11-26 00:00:00+00:00,-0.11,0.12,0.0,0.06,0.13,0,0,1,0,0
2007-11-27 00:00:00+00:00,-0.11,0.135,0.06,0.0,0.17,0,0,0,0,-1
2007-11-28 00:00:00+00:00,-0.11,0.175,0.1,-0.04,0.165,0,0,0,0,-1
2007-11-29 00:00:00+00:00,-0.11,0.165,0.08,-0.02,0.185,0,0,0,0,-1
2007-11-30 00:00:00+00:00,-0.11,0.185,0.1,-0.04,0.17,0,0,0,0,-1
2007-12-03 00:00:00+00:00,-0.11,0.195,0.12,-0.06,0.225,0,0,0,0,-1
2007-12-04 00:00:00+00:00,-0.11,0.225,0.14,-0.08,0.225,0,0,0,0,-1
2007-12-05 00:00:00+00:00,-0.11,0.19,0.105,-0.045,0.235,0,0,0,0,-1
2007-12-06 00:00:00+00:00,-0.11,0.25,0.18,-0.12,0.255,0,-1,-1,0,-1
2007-12-07 00:00:00+00:00,-0.11,0.015,0.195,0.08,0.26,0,0,-1,0,-1
2007-12-10 00:00:00+00:00,-0.11,0.03,0.25,0.03,0.245,0,0,-1,0,-1
2007-12-11 00:00:00+00:00,-0.11,0.07,0.26,-0.005,0.295,0,0,-1,0,-1
2007-12-12 00:00:00+00:00,-0.11,0.035,0.225,0.035,0.26,0,0,-1,0,-1
2007-12-13 00:00:00+00:00,-0.11,0.02,0.29,0.01,0.285,0,0,-1,0,-1
2007-12-14 00:00:00+00:00,-0.11,0.035,0.295,0.005,0.27,0,0,-1,0,-1
2007-12-17 00:00:00+00:00,-0.11,-0.02,0.215,0.085,0.34,0,0,-1,0,-1
2007-12-18 00:00:00+00:00,-0.15,0.045,0.215,-0.01,0.005,0,0,-1,0,0
2007-12-19 00:00:00+00:00,-0.13,0.015,0.215,-0.02,0.055,0,0,-1,0,0
2007-12-20 00:00:00+00:00,-0.105,0.05,0.215,-0.01,0.015,0,0,-1,0,0
2007-12-21 00:00:00+00:00,-0.145,0.025,0.215,0.03,0.015,0,0,-1,0,0
2007-12-24 00:00:00+00:00,-0.13,0.02,0.215,0.035,0.02,0,0,-1,0,0
2007-12-27 00:00:00+00:00,-0.16,0.015,0.215,0.025,0.015,0,0,-1,0,0
2007-12-28 00:00:00+00:00,-0.14,0.0,0.215,0.02,0.025,0,0,-1,0,0
2007-12-31 00:00:00+00:00,-0.12,0.025,0.215,-0.005,0.02,0,0,-1,0,0
2008-01-02 00:00:00+00:00,-0.05,0.045,0.215,-0.03,0.03,0,0,-1,0,0
2008-01-03 00:00:00+00:00,-0.01,0.05,0.215,-0.045,0.025,0,0,-1,0,0
2008-01-04 00:00:00+00:00,0.0,0.045,0.215,-0.05,0.035,-1,0,-1,0,0
2008-01-07 00:00:00+00:00,-0.035,0.03,0.215,-0.025,0.025,-1,0,-1,0,0
2008-01-08 00:00:00+00:00,-0.04,0.025,0.215,-0.03,0.04,-1,0,0,0,0
2008-01-09 00:00:00+00:00,-0.025,0.035,0.215,-0.04,0.05,-1,0,0,0,0
2008-01-10 00:00:00+00:00,-0.06,0.02,0.215,-0.015,0.035,0,0,0,0,0
2008-01-11 00:00:00+00:00,-0.03,0.015,0.215,-0.03,0.035,0,0,0,0,0
2008-01-14 00:00:00+00:00,0.045,0.02,0.215,-0.075,0.075,-1,0,0,0,0
2008-01-15 00:00:00+00:00,-0.055,-0.045,0.32,-0.07,0.035,0,0,-1,0,0
2008-01-16 00:00:00+00:00,-0.165,-0.13,0.43,-0.07,0.035,0,1,-1,0,0
2008-01-17 00:00:00+00:00,-0.215,-0.155,0.48,-0.07,0.04,1,1,-1,0,0
2008-01-18 00:00:00+00:00,-0.225,-0.165,0.49,-0.07,0.045,1,1,-1,0,0
2008-01-21 00:00:00+00:00,-0.335,-0.215,0.6,-0.07,0.07,1,1,-1,0,0
2008-01-22 00:00:00+00:00,-0.41,-0.29,0.675,-0.07,0.07,1,1,-1,0,0
2008-01-23 00:00:00+00:00,-0.42,-0.29,0.685,-0.07,0.06,1,1,-1,0,0
2008-01-24 00:00:00+00:00,-0.275,-0.135,0.54,-0.07,0.025,1,1,-1,0,0
2008-01-25 00:00:00+00:00,-0.305,-0.165,0.57,-0.07,0.07,1,1,-1,0,0
2008-01-28 00:00:00+00:00,-0.255,-0.125,0.52,-0.07,0.06,1,1,-1,0,0
2008-01-29 00:00:00+00:00,-0.23,-0.12,0.495,-0.07,0.04,1,1,-1,0,0
2008-01-30 00:00:00+00:00,-0.275,-0.145,0.54,-0.07,0.035,1,1,-1,0,0
2008-01-31 00:00:00+00:00,-0.32,-0.175,0.585,-0.07,0.04,1,1,-1,0,0
2008-02-01 00:00:00+00:00,-0.265,-0.115,0.53,-0.07,0.035,1,1,-1,0,0
2008-02-04 00:00:00+00:00,-0.24,-0.115,0.505,-0.07,0.03,1,1,-1,0,0
2008-02-05 00:00:00+00:00,-0.37,-0.175,0.635,-0.07,0.06,1,1,-1,0,0
2008-02-06 00:00:00+00:00,-0.365,-0.17,0.63,-0.07,0.06,1,1,-1,0,0
2008-02-07 00:00:00+00:00,-0.49,-0.24,0.755,-0.07,0.055,1,1,-1,0,0
2008-02-08 00:00:00+00:00,-0.565,-0.295,0.83,-0.07,0.115,1,1,-1,0,0
2008-02-11 00:00:00+00:00,-0.5,-0.22,0.765,-0.07,0.08,1,1,-1,0,0
2008-02-12 00:00:00+00:00,-0.495,-0.215,0.76,-0.07,0.08,1,1,-1,0,0
2008-02-13 00:00:00+00:00,-0.405,0.16,0.67,-0.395,0.04,1,0,-1,1,0
2008-02-14 00:00:00+00:00,-0.33,0.17,0.595,-0.395,0.05,1,0,-1,1,0
2008-02-15 00:00:00+00:00,-0.335,0.15,0.6,-0.35,0.015,1,0,-1,1,0
2008-02-18 00:00:00+00:00,-0.295,0.16,0.56,-0.35,0.015,0,0,0,1,0
2008-02-19 00:00:00+00:00,0.25,0.16,0.05,0.155,0.015,-1,0,0,0,0
2008-02-20 00:00:00+00:00,0.22,0.085,0.07,0.135,0.095,-1,0,0,0,0
2008-02-21 00:00:00+00:00,0.195,0.115,0.105,0.1,0.085,-1,0,0,0,0
2008-02-22 00:00:00+00:00,0.185,0.11,0.13,0.075,0.095,-1,0,0,0,0
2008-02-25 00:00:00+00:00,0.185,0.11,0.14,0.065,0.105,-1,0,0,0,0
2008-02-26 00:00:00+00:00,0.185,0.11,0.16,0.045,0.1,-1,0,0,0,0
2008-02-27 00:00:00+00:00,0.185,0.13,0.17,0.035,0.09,-1,0,0,0,0
2008-02-28 00:00:00+00:00,0.185,0.125,0.12,0.085,0.09,-1,0,0,0,0
2008-02-29 00:00:00+00:00,0.185,0.09,0.07,0.135,0.09,-1,0,0,0,0
2008-03-03 00:00:00+00:00,0.185,0.08,0.12,0.085,0.125,-1,0,0,0,0
2008-03-04 00:00:00+00:00,0.185,0.14,0.175,0.03,0.1,-1,0,0,0,0
2008-03-05 00:00:00+00:00,0.185,0.16,0.215,-0.01,0.085,-1,0,0,0,0
2008-03-06 00:00:00+00:00,0.185,0.23,0.295,-0.09,0.065,-1,0,0,0,0
2008-03-07 00:00:00+00:00,0.185,0.265,0.275,-0.07,0.105,-1,0,0,0,0
2008-03-10 00:00:00+00:00,0.185,0.305,0.29,-0.085,0.13,-1,-1,0,0,0
2008-03-11 00:00:00+00:00,0.185,0.325,0.345,-0.14,0.095,-1,-1,0,0,0
2008-03-12 00:00:00+00:00,0.185,0.32,0.315,-0.11,0.095,-1,-1,0,0,0
2008-03-13 00:00:00+00:00,0.185,0.345,0.355,-0.15,0.1,-1,-1,0,0,0
2008-03-14 00:00:00+00:00,0.185,0.355,0.35,-0.145,0.085,-1,-1,0,0,0
2008-03-17 00:00:00+00:00,0.185,0.31,0.255,-0.05,0.15,-1,-1,0,0,-1
2008-03-18 00:00:00+00:00,0.035,0.16,0.245,0.11,0.075,0,0,0,0,0
2008-03-19 00:00:00+00:00,0.07,0.175,0.245,0.095,0.1,0,0,0,0,0
2008-03-20 00:00:00+00:00,-0.015,0.11,0.245,0.16,0.125,0,0,0,0,0
2008-03-25 00:00:00+00:00,-0.15,0.005,0.245,0.265,0.17,0,0,0,-1,-1
2008-03-26 00:00:00+00:00,-0.175,-0.04,0.245,0.31,0.185,0,0,0,-1,-1
2008-03-27 00:00:00+00:00,-0.135,-0.015,0.245,0.285,0.145,0,0,0,-1,-1
2008-03-28 00:00:00+00:00,-0.115,0.035,0.245,0.235,0.125,0,0,0,-1,-1
2008-03-30 00:00:00+00:00,-0.115,0.035,0.245,0.235,0.125,0,0,0,-1,-1
2008-03-31 00:00:00+00:00,-0.165,0.065,0.245,0.27,0.09,0,0,0,-1,0
2008-04-01 00:00:00+00:00,-0.22,0.025,0.245,0.32,0.12,0,0,0,-1,0
2008-04-02 00:00:00+00:00,-0.3,0.05,0.245,0.38,0.075,0,0,0,-1,0
2008-04-03 00:00:00+00:00,-0.295,0.065,0.245,0.375,0.055,0,0,0,-1,0
2008-04-04 00:00:00+00:00,-0.255,0.1,0.245,0.325,0.045,0,0,0,-1,0
2008-04-07 00:00:00+00:00,-0.295,0.06,0.245,0.355,0.08,0,0,0,-1,0
2008-04-08 00:00:00+00:00,-0.31,0.055,0.245,0.365,0.085,0,0,0,-1,0
2008-04-09 00:00:00+00:00,-0.335,0.05,0.245,0.395,0.055,0,0,0,-1,0
2008-04-10 00:00:00+00:00,-0.355,0.045,0.245,0.41,0.065,0,0,0,-1,0
2008-04-11 00:00:00+00:00,-0.335,0.05,0.245,0.4,0.07,0,0,0,-1,0
2008-04-14 00:00:00+00:00,-0.405,0.04,0.245,0.445,0.045,0,0,0,-1,0
2008-04-15 00:00:00+00:00,0.05,0.04,-0.215,0.44,0.035,0,0,1,-1,0
2008-04-16 00:00:00+00:00,0.135,0.09,-0.3,0.44,0.025,0,0,1,-1,0
2008-04-17 00:00:00+00:00,0.16,0.1,-0.325,0.44,0.02,0,0,1,-1,0
2008-04-18 00:00:00+00:00,0.205,0.095,-0.37,0.44,0.055,0,0,1,-1,0
2008-04-21 00:00:00+00:00,0.21,0.12,-0.375,0.44,0.025,0,0,1,-1,0
2008-04-22 00:00:00+00:00,0.33,0.075,-0.495,0.595,-0.015,0,0,1,-1,1
2008-04-23 00:00:00+00:00,0.32,0.045,-0.485,0.595,0.0,0,0,1,-1,1
2008-04-24 00:00:00+00:00,0.33,0.02,-0.495,0.625,0.015,0,0,1,-1,1
2008-04-25 00:00:00+00:00,0.32,0.03,-0.485,0.625,-0.005,0,0,1,-1,1
2008-04-28 00:00:00+00:00,0.27,-0.015,-0.435,0.625,0.01,0,0,1,-1,1
2008-04-29 00:00:00+00:00,0.2,-0.06,-0.365,0.625,0.035,0,0,1,-1,0
2008-04-30 00:00:00+00:00,0.17,-0.09,-0.335,0.625,0.065,0,0,1,-1,0
2008-05-01 00:00:00+00:00,0.185,-0.095,-0.35,0.625,0.05,0,0,1,-1,0
2008-05-02 00:00:00+00:00,0.2,-0.115,-0.365,0.625,0.055,0,0,1,-1,0
2008-05-05 00:00:00+00:00,0.24,-0.09,-0.405,0.625,0.065,0,0,1,-1,0
2008-05-06 00:00:00+00:00,0.205,-0.115,-0.37,0.625,0.075,0,0,1,-1,0
2008-05-07 00:00:00+00:00,0.18,-0.11,-0.345,0.625,0.075,0,0,1,-1,0
2008-05-08 00:00:00+00:00,0.17,0.055,-0.335,0.455,0.085,0,0,1,0,0
2008-05-09 00:00:00+00:00,0.205,0.065,-0.37,0.465,0.07,0,0,1,0,0
2008-05-12 00:00:00+00:00,0.265,0.095,-0.43,0.465,0.065,0,0,1,0,0
2008-05-13 00:00:00+00:00,0.32,0.065,-0.485,0.525,0.03,0,0,1,0,0
2008-05-14 00:00:00+00:00,0.345,0.035,-0.51,0.575,0.025,0,0,1,0,0
2008-05-15 00:00:00+00:00,0.375,0.04,-0.54,0.575,0.025,0,0,1,0,0
2008-05-16 00:00:00+00:00,0.365,0.025,-0.53,0.575,0.035,0,0,1,0,0
2008-05-19 00:00:00+00:00,0.355,0.015,-0.52,0.58,0.04,0,0,1,0,0
2008-05-20 00:00:00+00:00,0.34,-0.02,-0.01,0.085,0.02,0,0,0,0,0
2008-05-21 00:00:00+00:00,0.34,-0.005,0.03,0.045,0.03,0,0,0,0,0
2008-05-22 00:00:00+00:00,0.34,0.025,0.08,-0.005,0.02,0,0,0,0,0
2008-05-23 00:00:00+00:00,0.34,0.035,0.105,-0.03,0.01,0,0,0,0,0
2008-05-26 00:00:00+00:00,0.34,-0.01,0.1,0.02,0.01,0,0,0,0,0
2008-05-27 00:00:00+00:00,0.34,-0.04,0.105,0.015,0.045,0,0,0,0,0
2008-05-28 00:00:00+00:00,0.34,-0.02,0.1,0.02,0.015,0,0,0,0,0
2008-05-29 00:00:00+00:00,0.34,-0.015,0.165,-0.015,0.005,0,0,0,0,0
2008-05-30 00:00:00+00:00,0.34,-0.04,0.2,-0.025,0.02,0,0,0,0,0
2008-06-02 00:00:00+00:00,0.34,-0.035,0.16,-0.01,0.02,0,0,0,0,0
2008-06-03 00:00:00+00:00,0.34,-0.035,0.215,-0.045,0.02,0,0,0,0,0
2008-06-04 00:00:00+00:00,0.34,-0.01,0.215,-0.045,0.0,0,0,0,0,0
2008-06-05 00:00:00+00:00,0.34,-0.05,0.495,-0.045,-0.085,0,0,0,0,1
2008-06-06 00:00:00+00:00,0.34,-0.085,0.535,-0.09,-0.06,0,0,0,0,1
2008-06-09 00:00:00+00:00,0.34,-0.11,0.525,-0.055,-0.09,0,0,0,0,1
2008-06-10 00:00:00+00:00,0.34,-0.14,0.505,-0.035,-0.075,0,1,0,0,1
2008-06-11 00:00:00+00:00,0.34,-0.035,0.43,-0.09,-0.07,0,0,0,0,1
2008-06-12 00:00:00+00:00,0.34,-0.055,0.41,-0.07,-0.05,0,0,0,0,1
2008-06-13 00:00:00+00:00,0.34,-0.045,0.4,-0.045,-0.075,0,0,0,0,1
2008-06-16 00:00:00+00:00,0.34,-0.005,0.47,-0.115,-0.115,0,0,0,0,1
2008-06-17 00:00:00+00:00,-0.575,-0.085,0.45,-0.015,-0.035,1,0,0,0,1
2008-06-18 00:00:00+00:00,-0.545,-0.02,0.45,-0.055,-0.065,1,0,0,0,1
2008-06-19 00:00:00+00:00,-0.59,-0.065,0.45,-0.01,-0.07,1,0,0,0,1
2008-06-20 00:00:00+00:00,-0.575,-0.045,0.45,-0.03,-0.075,1,0,0,0,1
2008-06-22 00:00:00+00:00,-0.57,-0.045,0.45,-0.03,-0.075,1,0,0,0,1
2008-06-23 00:00:00+00:00,-0.575,-0.075,0.45,-0.055,-0.035,1,0,0,0,0
2008-06-24 00:00:00+00:00,-0.515,-0.04,0.45,-0.075,-0.07,1,0,0,0,0
2008-06-25 00:00:00+00:00,-0.51,-0.025,0.45,-0.09,-0.075,1,0,0,0,0
2008-06-26 00:00:00+00:00,-0.44,-0.015,0.45,-0.145,-0.06,1,0,0,0,0
2008-06-27 00:00:00+00:00,-0.44,-0.045,0.45,-0.15,-0.03,1,0,0,0,0
2008-06-30 00:00:00+00:00,-0.52,-0.045,0.45,-0.11,-0.06,1,0,0,0,0
2008-07-01 00:00:00+00:00,-0.515,-0.055,0.45,-0.1,-0.05,1,0,0,0,0
2008-07-02 00:00:00+00:00,-0.55,-0.05,0.45,-0.075,-0.085,1,0,0,0,0
2008-07-03 00:00:00+00:00,-0.4,-0.03,0.45,-0.145,-0.04,1,0,0,0,0
2008-07-04 00:00:00+00:00,-0.415,-0.05,0.45,-0.15,-0.02,1,0,0,0,0
2008-07-07 00:00:00+00:00,-0.36,-0.045,0.45,-0.155,-0.02,1,0,0,0,0
2008-07-08 00:00:00+00:00,-0.39,-0.04,0.45,-0.145,-0.025,1,0,0,0,0
2008-07-09 00:00:00+00:00,-0.365,-0.02,0.45,-0.155,-0.04,1,0,0,0,0
2008-07-10 00:00:00+00:00,-0.4,-0.03,0.45,-0.15,-0.035,1,0,0,0,0
2008-07-11 00:00:00+00:00,-0.385,-0.05,0.45,-0.14,-0.03,1,0,0,0,0
2008-07-13 00:00:00+00:00,-0.385,-0.05,0.45,-0.14,-0.03,1,0,0,0,0
2008-07-14 00:00:00+00:00,-0.345,-0.045,0.45,-0.155,-0.02,0,0,0,0,0
2008-07-15 00:00:00+00:00,-0.01,-0.005,0.13,-0.165,-0.04,0,0,0,0,0
2008-07-16 00:00:00+00:00,0.005,0.005,0.115,-0.165,-0.045,0,0,0,0,0
2008-07-17 00:00:00+00:00,0.025,0.005,0.095,-0.165,-0.04,0,0,0,0,0
2008-07-18 00:00:00+00:00,0.125,-0.02,-0.005,-0.08,-0.08,0,0,0,0,0
2008-07-21 00:00:00+00:00,0.15,-0.095,-0.03,-0.02,-0.08,0,0,0,0,0
2008-07-22 00:00:00+00:00,0.16,-0.055,-0.04,-0.065,-0.065,0,0,0,0,0
2008-07-23 00:00:00+00:00,0.12,-0.07,0.0,-0.065,-0.055,0,0,0,0,0
2008-07-24 00:00:00+00:00,0.035,-0.1,0.085,-0.065,-0.03,0,0,0,0,0
2008-07-25 00:00:00+00:00,0.095,-0.085,0.025,-0.065,-0.05,0,0,0,0,0
2008-07-28 00:00:00+00:00,0.045,-0.1,0.075,-0.065,-0.04,0,0,0,0,0
2008-07-29 00:00:00+00:00,0.025,-0.105,0.095,-0.065,-0.04,0,0,0,0,0
2008-07-30 00:00:00+00:00,-0.03,-0.125,0.15,-0.065,-0.03,0,1,0,0,0
2008-07-31 00:00:00+00:00,-0.03,-0.125,0.15,-0.065,-0.02,0,1,0,0,0
2008-08-01 00:00:00+00:00,0.01,-0.105,0.11,-0.065,-0.025,0,1,0,0,0
2008-08-04 00:00:00+00:00,0.02,-0.105,0.1,-0.065,-0.03,0,1,0,0,0
2008-08-05 00:00:00+00:00,0.005,-0.125,0.115,-0.065,-0.01,0,1,0,0,0
2008-08-06 00:00:00+00:00,-0.02,-0.115,0.14,-0.065,-0.025,0,1,0,0,0
2008-08-07 00:00:00+00:00,-0.12,-0.15,0.24,-0.065,0.0,0,1,0,0,0
2008-08-08 00:00:00+00:00,-0.11,-0.05,0.23,-0.16,0.0,0,0,0,0,0
2008-08-11 00:00:00+00:00,-0.09,-0.04,0.21,-0.16,-0.015,0,0,0,0,0
2008-08-12 00:00:00+00:00,-0.115,-0.04,0.235,-0.165,-0.005,0,0,0,0,0
2008-08-13 00:00:00+00:00,-0.11,-0.05,0.23,-0.155,-0.01,0,0,0,0,0
2008-08-14 00:00:00+00:00,-0.08,-0.035,0.2,-0.15,-0.03,0,0,0,0,0
2008-08-15 00:00:00+00:00,-0.015,-0.065,0.135,-0.125,-0.025,0,0,0,0,0
2008-08-18 00:00:00+00:00,-0.005,-0.085,0.125,-0.11,-0.015,0,0,0,0,0
2008-08-19 00:00:00+00:00,-0.01,0.0,0.005,-0.005,-0.07,0,0,0,0,0
2008-08-20 00:00:00+00:00,-0.01,0.0,-0.03,0.03,-0.075,0,0,0,-1,0
2008-08-21 00:00:00+00:00,-0.01,0.015,0.01,-0.01,-0.095,0,0,0,-1,0
2008-08-22 00:00:00+00:00,-0.01,0.01,0.005,-0.005,-0.08,0,0,0,-1,0
2008-08-25 00:00:00+00:00,-0.01,0.02,-0.005,0.005,-0.09,0,0,0,-1,0
2008-08-26 00:00:00+00:00,-0.01,0.015,0.01,-0.01,-0.08,0,0,0,-1,0
2008-08-27 00:00:00+00:00,-0.01,0.03,0.015,-0.015,-0.105,0,0,0,-1,1
2008-08-28 00:00:00+00:00,-0.01,0.025,0.02,-0.02,-0.1,0,0,0,-1,1
2008-08-29 00:00:00+00:00,-0.01,0.03,0.0,0.0,-0.11,0,0,0,-1,1
2008-09-01 00:00:00+00:00,-0.01,0.01,0.0,0.0,-0.085,0,0,0,-1,1
2008-09-02 00:00:00+00:00,-0.01,0.02,0.0,0.0,-0.1,0,0,0,-1,1
2008-09-03 00:00:00+00:00,-0.01,0.015,0.015,0.0,-0.1,0,0,0,-1,1
2008-09-04 00:00:00+00:00,-0.01,-0.005,0.0,0.03,-0.105,0,0,0,-1,1
2008-09-05 00:00:00+00:00,-0.01,-0.005,0.0,0.03,-0.1,0,0,0,-1,1
2008-09-07 00:00:00+00:00,-0.01,-0.005,0.0,0.03,-0.1,0,0,0,-1,1
2008-09-08 00:00:00+00:00,-0.01,-0.005,0.01,0.02,-0.105,0,0,0,-1,1
2008-09-09 00:00:00+00:00,-0.01,-0.02,-0.005,0.035,-0.095,0,0,0,-1,1
2008-09-10 00:00:00+00:00,-0.01,-0.01,0.015,0.015,-0.105,0,0,0,-1,1
2008-09-11 00:00:00+00:00,-0.01,0.01,0.04,0.0,-0.135,0,0,0,-1,1
2008-09-12 00:00:00+00:00,-0.01,0.0,0.06,-0.01,-0.135,0,0,0,0,1
2008-09-14 00:00:00+00:00,-0.01,0.0,0.05,0.0,-0.135,0,0,0,0,1
2008-09-15 00:00:00+00:00,-0.01,-0.05,-0.07,0.12,-0.08,0,0,0,-1,0
2008-09-16 00:00:00+00:00,0.355,0.005,-0.1,0.095,0.02,-1,0,0,-1,0
2008-09-17 00:00:00+00:00,0.325,0.0,-0.1,0.15,0.08,-1,0,0,-1,-1
2008-09-18 00:00:00+00:00,0.205,-0.01,-0.1,0.26,0.1,-1,0,0,-1,-1
2008-09-19 00:00:00+00:00,0.225,0.05,-0.1,0.23,0.0,-1,0,0,-1,-1
2008-09-22 00:00:00+00:00,0.2,0.01,-0.1,0.24,0.01,-1,0,0,-1,-1
2008-09-23 00:00:00+00:00,0.14,-0.085,-0.1,0.335,0.09,-1,0,0,-1,-1
2008-09-24 00:00:00+00:00,0.13,-0.05,-0.1,0.38,0.065,0,0,0,-1,-1
2008-09-25 00:00:00+00:00,0.24,0.04,-0.1,0.3,0.02,0,0,0,-1,-1
2008-09-26 00:00:00+00:00,0.37,0.035,-0.1,0.205,0.025,-1,0,0,-1,-1
2008-09-28 00:00:00+00:00,0.385,0.035,-0.1,0.205,0.025,-1,0,0,-1,-1
2008-09-29 00:00:00+00:00,0.72,0.145,-0.1,0.005,0.045,-1,-1,0,0,-1
2008-09-30 00:00:00+00:00,0.59,0.08,-0.1,0.105,0.115,-1,-1,0,0,-1
2008-10-01 00:00:00+00:00,0.68,0.155,-0.1,0.0,0.095,-1,-1,0,0,-1
2008-10-02 00:00:00+00:00,0.885,0.265,-0.1,-0.145,0.2,-1,-1,0,0,-1
2008-10-03 00:00:00+00:00,1.0,0.285,-0.1,-0.22,0.215,-1,-1,0,0,-1
2008-10-06 00:00:00+00:00,1.2,0.475,-0.1,-0.41,0.175,-1,-1,0,1,-1
2008-10-07 00:00:00+00:00,1.38,0.4,-0.1,-0.55,0.42,-1,-1,0,1,-1
2008-10-08 00:00:00+00:00,1.41,0.44,-0.1,-0.59,0.39,-1,-1,0,1,-1
2008-10-09 00:00:00+00:00,1.35,0.455,-0.1,-0.535,0.41,-1,-1,0,1,-1
2008-10-10 00:00:00+00:00,1.49,0.33,-0.1,-0.78,0.745,-1,-1,0,1,-1
2008-10-12 00:00:00+00:00,1.49,0.33,-0.1,-0.78,0.745,-1,-1,0,1,-1
2008-10-13 00:00:00+00:00,1.595,0.35,-1.255,0.16,1.0,-1,-1,1,0,-1
2008-10-14 00:00:00+00:00,0.21,0.265,0.165,-0.01,0.28,0,-1,0,0,-1
2008-10-15 00:00:00+00:00,0.16,0.215,0.215,0.055,0.3,0,-1,0,0,-1
2008-10-16 00:00:00+00:00,0.125,0.175,0.25,0.055,0.295,0,0,0,0,-1
2008-10-17 00:00:00+00:00,-0.055,0.19,0.43,-0.145,0.365,0,0,-1,0,-1
2008-10-20 00:00:00+00:00,0.005,0.225,0.37,-0.145,0.315,0,0,-1,0,-1
2008-10-21 00:00:00+00:00,-0.05,0.22,0.425,-0.145,0.37,0,0,-1,0,-1
2008-10-22 00:00:00+00:00,-0.135,0.33,0.51,-0.195,0.395,0,0,-1,0,-1
2008-10-23 00:00:00+00:00,-0.055,0.395,0.43,-0.195,0.39,0,0,-1,0,-1
2008-10-24 00:00:00+00:00,-0.12,0.285,0.495,-0.195,0.51,0,0,-1,0,-1
2008-10-27 00:00:00+00:00,-0.21,0.165,0.585,-0.195,0.495,0,0,-1,0,-1
2008-10-28 00:00:00+00:00,-0.195,0.195,0.57,-0.195,0.45,0,0,-1,0,-1
2008-10-29 00:00:00+00:00,-0.235,0.14,0.61,-0.195,0.445,0,0,-1,0,-1
2008-10-30 00:00:00+00:00,-0.305,0.315,0.68,-0.425,0.485,0,0,-1,0,-1
2008-10-31 00:00:00+00:00,-0.265,0.295,0.64,-0.425,0.465,0,0,-1,0,-1
2008-11-03 00:00:00+00:00,-0.29,0.31,0.665,-0.425,0.55,0,0,-1,0,-1
2008-11-04 00:00:00+00:00,-0.21,0.37,0.585,-0.425,0.49,0,0,-1,0,-1
2008-11-05 00:00:00+00:00,-0.205,0.28,0.265,-0.03,0.5,0,0,0,0,-1
2008-11-06 00:00:00+00:00,-0.39,0.43,0.45,-0.23,0.535,0,0,0,0,-1
2008-11-07 00:00:00+00:00,-0.44,0.455,0.5,-0.23,0.475,0,0,0,0,-1
2008-11-10 00:00:00+00:00,-0.57,0.31,0.63,-0.18,0.52,0,0,0,0,-1
2008-11-11 00:00:00+00:00,-0.66,0.36,0.72,-0.33,0.61,0,0,0,0,-1
2008-11-12 00:00:00+00:00,-0.76,0.365,0.82,-0.41,0.695,0,0,-1,0,-1
2008-11-13 00:00:00+00:00,-0.595,0.41,0.655,-0.32,0.59,0,0,-1,0,-1
2008-11-14 00:00:00+00:00,-0.61,0.43,0.67,-0.315,0.595,0,0,-1,0,-1
2008-11-17 00:00:00+00:00,-0.685,0.395,0.745,-0.315,0.65,0,0,-1,0,-1
2008-11-18 00:00:00+00:00,-0.685,0.375,-0.015,0.445,-0.015,0,0,0,-1,0
2008-11-19 00:00:00+00:00,-0.685,-0.095,-0.07,0.5,0.34,0,0,0,-1,0
2008-11-20 00:00:00+00:00,-0.685,-0.245,-0.2,0.63,0.365,0,1,0,-1,0
2008-11-21 00:00:00+00:00,-0.685,-0.215,-0.175,0.605,0.375,0,1,0,-1,0
2008-11-24 00:00:00+00:00,-0.685,-0.185,-0.04,0.47,0.455,0,1,0,-1,0
2008-11-25 00:00:00+00:00,-0.685,-0.1,-0.05,0.48,0.43,0,1,0,-1,0
2008-11-26 00:00:00+00:00,-0.685,-0.085,-0.08,0.51,0.4,0,1,0,-1,0
2008-11-27 00:00:00+00:00,-0.685,-0.105,-0.065,0.495,0.44,0,1,0,-1,0
2008-11-28 00:00:00+00:00,-0.685,-0.08,-0.065,0.495,0.43,0,1,0,-1,0
2008-12-01 00:00:00+00:00,-0.685,-0.09,-0.06,0.49,0.42,0,1,0,-1,0
2008-12-02 00:00:00+00:00,-0.685,-0.13,-0.11,0.54,0.41,0,1,0,-1,0
2008-12-03 00:00:00+00:00,-0.685,-0.19,-0.215,0.645,0.43,0,1,0,-1,0
2008-12-04 00:00:00+00:00,-0.685,-0.16,-0.075,0.505,0.47,0,1,0,-1,0
2008-12-05 00:00:00+00:00,-0.685,-0.165,-0.055,0.485,0.455,0,1,0,-1,0
2008-12-08 00:00:00+00:00,-0.685,-0.145,-0.01,0.44,0.35,0,1,0,-1,0
2008-12-09 00:00:00+00:00,-0.685,-0.155,0.04,0.39,0.315,0,1,0,0,0
2008-12-10 00:00:00+00:00,-0.685,-0.265,-0.025,0.455,0.355,0,1,0,0,0
2008-12-11 00:00:00+00:00,-0.685,-0.225,-0.05,0.48,0.32,0,1,0,0,0
2008-12-12 00:00:00+00:00,-0.685,-0.29,-0.035,0.465,0.375,0,1,0,0,0
2008-12-15 00:00:00+00:00,-0.685,-0.28,-0.05,0.48,0.355,0,1,0,0,0
2008-12-16 00:00:00+00:00,0.47,0.42,-0.05,-0.22,-0.155,0,0,0,0,1
2008-12-17 00:00:00+00:00,0.485,0.43,-0.05,-0.23,-0.135,0,0,0,0,1
2008-12-18 00:00:00+00:00,0.5,0.46,-0.05,-0.26,-0.16,0,0,0,0,1
2008-12-19 00:00:00+00:00,0.525,0.49,-0.05,-0.29,-0.2,0,0,0,0,1
2008-12-22 00:00:00+00:00,0.63,0.575,-0.05,-0.375,-0.26,0,0,0,0,1
2008-12-23 00:00:00+00:00,0.65,0.605,-0.05,-0.405,-0.3,0,0,0,0,1
2008-12-24 00:00:00+00:00,0.67,0.615,-0.05,-0.415,-0.25,0,0,0,0,1
2008-12-29 00:00:00+00:00,0.74,0.645,-0.05,-0.445,-0.26,0,0,0,0,1
2008-12-30 00:00:00+00:00,0.72,0.615,-0.05,-0.415,-0.245,0,0,0,0,1
2008-12-31 00:00:00+00:00,0.765,0.65,-0.05,-0.45,-0.255,0,0,0,0,1
2009-01-02 00:00:00+00:00,0.735,0.645,-0.05,-0.445,-0.255,0,0,0,0,1
2009-01-05 00:00:00+00:00,0.76,0.635,-0.05,-0.435,-0.255,0,0,0,0,1
2009-01-06 00:00:00+00:00,0.785,0.19,-0.05,-0.435,0.17,0,0,0,0,0
2009-01-07 00:00:00+00:00,0.865,0.275,-0.05,-0.52,0.125,0,0,0,0,0
2009-01-08 00:00:00+00:00,0.895,0.3,-0.05,-0.545,0.1,0,0,0,0,0
2009-01-09 00:00:00+00:00,1.005,0.29,-0.05,-0.695,0.205,-1,0,0,0,0
2009-01-12 00:00:00+00:00,1.05,0.36,-0.05,-0.765,0.155,-1,0,0,0,0
2009-01-13 00:00:00+00:00,1.02,0.355,-0.05,-0.76,0.16,-1,0,0,0,0
2009-01-14 00:00:00+00:00,0.965,0.195,-0.05,-0.71,0.29,-1,0,0,0,0
2009-01-15 00:00:00+00:00,0.865,0.18,-0.05,-0.605,0.185,-1,0,0,0,0
2009-01-16 00:00:00+00:00,1.0,0.22,-0.05,-0.735,0.25,-1,0,0,0,0
2009-01-19 00:00:00+00:00,0.99,0.195,-0.05,-0.745,0.285,-1,0,0,0,0
2009-01-20 00:00:00+00:00,-0.08,-0.095,1.04,-0.75,0.235,0,0,-1,0,0
2009-01-21 00:00:00+00:00,-0.085,-0.095,1.045,-0.75,0.17,0,0,-1,0,0
2009-01-22 00:00:00+00:00,-0.08,-0.135,1.04,-0.75,0.155,0,0,-1,0,0
2009-01-23 00:00:00+00:00,-0.05,-0.13,1.01,-0.75,0.155,0,0,-1,0,0
2009-01-26 00:00:00+00:00,0.13,-0.03,0.83,-0.75,0.09,0,0,-1,0,0
2009-01-27 00:00:00+00:00,0.11,0.025,0.85,-0.825,0.135,0,0,-1,0,0
2009-01-28 00:00:00+00:00,0.075,0.06,0.885,-0.875,0.095,0,0,-1,0,0
2009-01-29 00:00:00+00:00,0.045,0.045,0.915,-0.875,0.105,0,0,-1,0,0
2009-01-30 00:00:00+00:00,0.005,0.04,0.955,-0.875,0.105,0,0,-1,0,0
2009-02-02 00:00:00+00:00,0.03,0.075,0.93,-0.875,0.1,0,0,-1,0,0
2009-02-03 00:00:00+00:00,0.005,0.055,0.955,-0.875,0.115,0,0,-1,0,0
2009-02-04 00:00:00+00:00,-0.06,0.05,1.02,-0.935,0.165,0,0,-1,0,0
2009-02-05 00:00:00+00:00,-0.12,0.055,1.08,-0.995,0.2,0,0,-1,0,0
2009-02-06 00:00:00+00:00,-0.155,-0.01,1.115,-0.995,0.25,0,0,-1,0,0
2009-02-09 00:00:00+00:00,-0.1,0.03,1.06,-0.995,0.225,0,0,-1,0,0
2009-02-10 00:00:00+00:00,-0.055,0.04,-0.07,0.12,0.195,0,0,0,0,0
2009-02-11 00:00:00+00:00,-0.13,0.085,0.005,0.01,0.245,0,0,0,0,0
2009-02-12 00:00:00+00:00,-0.13,0.065,0.005,0.035,0.235,0,0,0,0,0
2009-02-13 00:00:00+00:00,-0.115,0.09,-0.01,0.01,0.23,0,0,0,0,0
2009-02-16 00:00:00+00:00,-0.15,0.08,0.025,0.01,0.24,0,0,0,0,0
2009-02-17 00:00:00+00:00,-0.155,0.05,-0.01,0.035,0.055,0,0,0,0,0
2009-02-18 00:00:00+00:00,-0.155,0.07,0.06,-0.015,0.045,0,0,0,0,0
2009-02-19 00:00:00+00:00,-0.155,0.105,0.095,-0.05,0.025,0,0,0,0,0
2009-02-20 00:00:00+00:00,-0.155,0.06,0.03,0.015,0.035,0,0,0,0,0
2009-02-23 00:00:00+00:00,-0.155,0.075,0.06,-0.015,0.03,0,0,0,0,0
2009-02-24 00:00:00+00:00,-0.155,0.035,0.015,0.03,0.05,0,0,0,0,0
2009-02-25 00:00:00+00:00,-0.155,0.01,0.005,0.04,0.055,0,0,0,0,0
2009-02-26 00:00:00+00:00,-0.155,0.01,-0.025,0.07,0.035,0,0,0,0,0
2009-02-27 00:00:00+00:00,-0.155,-0.015,-0.03,0.075,0.065,0,0,0,0,0
2009-03-02 00:00:00+00:00,-0.155,-0.025,-0.075,0.12,0.055,0,0,0,0,0
2009-03-03 00:00:00+00:00,-0.155,-0.065,-0.135,0.18,0.06,0,0,0,0,0
2009-03-04 00:00:00+00:00,-0.155,-0.115,-0.155,0.2,0.095,0,0,0,0,0
2009-03-05 00:00:00+00:00,-0.155,-0.045,-0.1,0.145,0.085,0,0,0,0,0
2009-03-06 00:00:00+00:00,-0.155,-0.06,-0.08,0.125,0.095,0,0,0,0,0
2009-03-09 00:00:00+00:00,-0.155,-0.02,-0.035,0.08,0.06,0,0,0,0,0
2009-03-10 00:00:00+00:00,-0.155,-0.04,-0.035,0.08,0.07,0,0,0,0,0
2009-03-11 00:00:00+00:00,-0.155,-0.05,-0.055,0.1,0.07,0,0,0,0,0
2009-03-12 00:00:00+00:00,-0.155,-0.045,-0.105,0.15,0.065,0,0,0,0,0
2009-03-13 00:00:00+00:00,-0.155,-0.055,-0.1,0.145,0.07,0,0,0,0,0
2009-03-16 00:00:00+00:00,-0.155,0.055,-0.1,0.015,0.085,0,0,0,0,0
2009-03-17 00:00:00+00:00,0.08,0.015,-0.1,-0.045,0.085,0,0,0,0,0
2009-03-18 00:00:00+00:00,0.21,0.08,-0.1,-0.15,0.015,0,0,0,0,0
2009-03-19 00:00:00+00:00,0.135,0.025,-0.1,-0.095,0.085,0,0,0,0,0
2009-03-20 00:00:00+00:00,0.2,0.065,-0.1,-0.135,0.05,0,0,0,0,0
2009-03-23 00:00:00+00:00,0.17,0.045,-0.1,-0.115,0.045,0,0,0,0,0
2009-03-24 00:00:00+00:00,0.15,0.015,-0.1,-0.095,0.085,0,0,0,0,0
2009-03-25 00:00:00+00:00,0.14,0.02,-0.1,-0.08,0.065,0,0,0,0,0
2009-03-26 00:00:00+00:00,0.17,0.055,-0.1,-0.115,0.055,0,0,0,0,0
2009-03-27 00:00:00+00:00,0.24,0.03,-0.1,-0.17,0.085,0,0,0,0,0
2009-03-30 00:00:00+00:00,0.285,0.04,-0.1,-0.185,0.09,0,0,0,0,0
2009-03-31 00:00:00+00:00,0.305,0.04,-0.1,-0.22,0.105,0,0,0,0,0
2009-04-01 00:00:00+00:00,0.325,0.055,-0.1,-0.24,0.1,0,0,0,0,0
2009-04-02 00:00:00+00:00,0.2,0.015,-0.1,-0.135,0.11,0,0,0,0,0
2009-04-03 00:00:00+00:00,0.105,0.02,-0.1,-0.1,0.07,0,0,0,0,0
2009-04-06 00:00:00+00:00,0.18,0.045,-0.1,-0.17,0.09,0,0,0,0,0
2009-04-07 00:00:00+00:00,0.215,0.045,-0.1,-0.195,0.115,0,0,0,0,0
2009-04-08 00:00:00+00:00,0.22,0.04,-0.1,-0.205,0.13,0,0,0,0,0
2009-04-09 00:00:00+00:00,0.225,0.025,-0.1,-0.175,0.115,0,0,0,0,0
2009-04-14 00:00:00+00:00,-0.04,-0.035,0.165,-0.175,0.04,0,0,0,0,0
2009-04-15 00:00:00+00:00,-0.07,-0.055,0.195,-0.175,0.045,0,0,0,0,0
2009-04-16 00:00:00+00:00,-0.035,-0.015,0.16,-0.175,0.035,0,0,0,0,0
2009-04-17 00:00:00+00:00,0.025,0.01,0.1,-0.175,0.035,0,0,0,0,0
2009-04-20 00:00:00+00:00,0.02,0.04,0.105,-0.175,0.03,0,0,0,0,0
2009-04-21 00:00:00+00:00,0.03,0.045,0.095,-0.175,0.045,0,0,0,0,0
2009-04-22 00:00:00+00:00,0.045,0.06,0.08,-0.175,0.03,0,0,0,0,0
2009-04-23 00:00:00+00:00,0.02,0.03,0.105,-0.175,0.04,0,0,0,0,0
2009-04-24 00:00:00+00:00,-0.02,0.005,0.145,-0.175,0.045,0,0,0,0,0
2009-04-26 00:00:00+00:00,-0.02,-0.01,0.145,-0.175,0.06,0,0,0,0,0
2009-04-27 00:00:00+00:00,-0.045,-0.01,0.17,-0.175,0.055,0,0,0,0,0
2009-04-28 00:00:00+00:00,-0.045,-0.005,-0.1,0.095,0.04,0,0,0,0,0
2009-04-29 00:00:00+00:00,-0.07,-0.025,-0.075,0.095,0.03,0,0,0,0,0
2009-04-30 00:00:00+00:00,-0.085,-0.04,-0.06,0.095,0.04,0,0,0,0,0
2009-05-01 00:00:00+00:00,-0.08,-0.035,-0.065,0.095,0.03,0,0,0,0,0
2009-05-04 00:00:00+00:00,-0.065,-0.04,-0.08,0.095,0.035,0,0,0,0,0
2009-05-05 00:00:00+00:00,-0.085,-0.05,-0.06,0.095,0.03,0,0,0,0,0
2009-05-06 00:00:00+00:00,-0.125,-0.08,-0.02,0.095,0.05,0,0,0,0,0
2009-05-07 00:00:00+00:00,-0.205,-0.135,0.06,0.095,0.085,0,1,0,0,0
2009-05-08 00:00:00+00:00,-0.24,-0.145,0.095,0.095,0.09,0,1,0,0,0
2009-05-11 00:00:00+00:00,-0.205,-0.125,0.06,0.095,0.07,0,1,0,0,0
2009-05-12 00:00:00+00:00,-0.18,-0.115,0.035,0.095,0.075,0,1,0,0,0
2009-05-13 00:00:00+00:00,-0.215,-0.125,0.07,0.095,0.07,0,1,0,0,0
2009-05-14 00:00:00+00:00,-0.24,-0.14,0.095,0.095,0.095,0,1,0,0,0
2009-05-15 00:00:00+00:00,-0.27,-0.16,0.125,0.095,0.11,0,1,0,0,0
2009-05-18 00:00:00+00:00,-0.3,-0.19,0.155,0.095,0.135,0,1,0,0,-1
2009-05-19 00:00:00+00:00,-0.305,-0.17,0.055,0.2,0.025,0,1,0,0,0
2009-05-20 00:00:00+00:00,-0.305,-0.14,0.08,0.175,0.035,0,1,0,0,0
2009-05-21 00:00:00+00:00,-0.305,-0.13,0.095,0.16,0.035,0,1,0,0,0
2009-05-22 00:00:00+00:00,-0.305,-0.13,0.135,0.12,0.07,0,1,0,0,0
2009-05-25 00:00:00+00:00,-0.305,-0.13,0.145,0.11,0.075,0,1,0,0,0
2009-05-26 00:00:00+00:00,-0.305,-0.1,0.14,0.115,0.03,0,0,0,0,0
2009-05-27 00:00:00+00:00,-0.305,-0.1,0.135,0.12,0.03,0,0,0,0,0
2009-05-28 00:00:00+00:00,-0.305,-0.11,0.11,0.145,0.035,0,0,0,0,0
2009-05-29 00:00:00+00:00,-0.305,-0.125,0.065,0.19,0.03,0,0,0,0,0
2009-06-01 00:00:00+00:00,-0.305,-0.125,0.095,0.16,0.045,0,0,0,0,0
2009-06-02 00:00:00+00:00,-0.305,-0.15,0.04,0.215,0.045,0,0,0,0,0
2009-06-03 00:00:00+00:00,-0.305,-0.13,0.085,0.17,0.05,0,0,0,0,0
2009-06-04 00:00:00+00:00,-0.305,-0.04,0.22,0.035,0.03,0,0,0,0,0
2009-06-05 00:00:00+00:00,-0.305,0.005,0.255,0.0,0.005,0,0,-1,0,0
2009-06-07 00:00:00+00:00,-0.305,0.005,0.285,-0.03,0.005,0,0,-1,0,0
2009-06-08 00:00:00+00:00,-0.305,0.02,0.28,-0.025,-0.005,0,0,-1,0,0
2009-06-09 00:00:00+00:00,-0.305,-0.005,0.25,0.005,0.015,0,0,-1,0,0
2009-06-10 00:00:00+00:00,-0.305,-0.015,0.225,0.03,0.005,0,0,-1,0,0
2009-06-11 00:00:00+00:00,-0.305,-0.025,0.22,0.035,0.01,0,0,-1,0,0
2009-06-12 00:00:00+00:00,-0.305,-0.05,0.175,0.08,0.02,0,0,0,0,0
2009-06-15 00:00:00+00:00,-0.305,-0.08,0.145,0.11,0.05,0,0,0,0,0
2009-06-16 00:00:00+00:00,-0.285,0.01,0.14,-0.01,0.01,0,0,0,0,0
2009-06-17 00:00:00+00:00,-0.275,0.0,0.14,-0.015,0.02,0,0,0,0,0
2009-06-18 00:00:00+00:00,-0.255,0.0,0.14,-0.015,0.02,0,0,0,0,0
2009-06-19 00:00:00+00:00,-0.19,0.02,0.14,-0.05,0.01,0,0,0,0,0
2009-06-22 00:00:00+00:00,-0.19,0.03,0.14,-0.06,-0.005,0,0,0,0,0
2009-06-23 00:00:00+00:00,-0.195,0.015,0.14,-0.065,0.015,0,0,0,0,0
2009-06-24 00:00:00+00:00,-0.13,0.035,0.14,-0.12,-0.005,0,0,0,0,0
2009-06-25 00:00:00+00:00,-0.08,0.04,0.14,-0.155,-0.005,0,0,0,0,0
2009-06-26 00:00:00+00:00,-0.095,0.005,0.14,-0.145,0.01,0,0,0,0,0
2009-06-28 00:00:00+00:00,-0.095,0.005,0.14,-0.145,0.01,0,0,0,0,0
2009-06-29 00:00:00+00:00,-0.13,0.0,0.14,-0.14,0.015,0,0,0,0,0
2009-06-30 00:00:00+00:00,-0.135,0.005,0.08,-0.08,0.0,0,0,0,0,0
2009-07-01 00:00:00+00:00,-0.115,0.005,0.08,-0.09,0.005,0,0,0,0,0
2009-07-02 00:00:00+00:00,-0.025,0.015,0.08,-0.155,0.02,0,0,0,0,0
2009-07-03 00:00:00+00:00,-0.045,0.015,0.08,-0.15,0.025,0,0,0,0,0
2009-07-05 00:00:00+00:00,-0.065,0.015,0.08,-0.15,0.025,0,0,0,0,0
2009-07-06 00:00:00+00:00,-0.02,0.025,0.08,-0.175,0.04,0,0,0,0,0
2009-07-07 00:00:00+00:00,-0.015,0.01,0.08,-0.18,0.055,0,0,0,0,0
2009-07-08 00:00:00+00:00,-0.015,0.02,0.08,-0.19,0.06,0,0,0,0,0
2009-07-09 00:00:00+00:00,-0.03,0.005,0.08,-0.185,0.065,0,0,0,0,0
2009-07-10 00:00:00+00:00,-0.035,0.0,-0.01,-0.105,0.08,0,0,0,0,0
2009-07-13 00:00:00+00:00,-0.03,0.0,-0.01,-0.105,0.075,0,0,0,0,0
2009-07-14 00:00:00+00:00,-0.005,-0.075,-0.045,-0.03,-0.005,0,0,0,0,0
2009-07-15 00:00:00+00:00,0.0,-0.095,-0.05,-0.025,0.005,0,0,0,0,0
2009-07-16 00:00:00+00:00,-0.075,-0.085,0.025,-0.07,0.005,0,0,0,0,0
2009-07-17 00:00:00+00:00,-0.05,-0.07,0.0,-0.085,-0.005,0,0,0,0,0
2009-07-20 00:00:00+00:00,-0.065,-0.085,0.015,-0.075,0.0,0,0,0,0,0
2009-07-21 00:00:00+00:00,-0.09,-0.065,0.04,-0.105,0.015,0,0,0,0,0
2009-07-22 00:00:00+00:00,-0.065,-0.065,0.015,-0.08,-0.005,0,0,0,0,0
2009-07-23 00:00:00+00:00,-0.05,-0.09,0.0,-0.06,0.005,0,0,0,0,0
2009-07-24 00:00:00+00:00,-0.065,-0.09,0.015,-0.065,0.01,0,0,0,0,0
2009-07-27 00:00:00+00:00,-0.05,-0.09,0.0,-0.065,0.005,0,0,0,0,0
2009-07-28 00:00:00+00:00,-0.06,-0.075,0.01,-0.09,-0.005,0,0,0,0,0
2009-07-29 00:00:00+00:00,-0.09,-0.06,0.04,-0.11,-0.005,0,0,0,0,0
2009-07-30 00:00:00+00:00,-0.15,-0.06,0.1,-0.15,0.02,0,0,0,0,0
2009-07-31 00:00:00+00:00,-0.18,-0.065,0.13,-0.16,0.035,0,0,0,0,0
2009-08-03 00:00:00+00:00,-0.15,-0.05,0.1,-0.16,0.03,0,0,0,0,0
2009-08-04 00:00:00+00:00,-0.075,-0.045,0.025,-0.14,0.015,0,0,0,0,0
2009-08-05 00:00:00+00:00,-0.02,-0.06,-0.03,-0.095,-0.01,0,0,0,0,0
2009-08-06 00:00:00+00:00,-0.055,-0.08,0.005,-0.095,0.01,0,0,0,0,0
2009-08-07 00:00:00+00:00,-0.01,-0.095,-0.04,-0.065,0.0,0,0,0,0,0
2009-08-10 00:00:00+00:00,-0.025,-0.09,-0.025,-0.065,0.005,0,0,0,0,0
2009-08-11 00:00:00+00:00,-0.05,-0.08,0.0,-0.085,0.01,0,0,0,0,0
2009-08-12 00:00:00+00:00,-0.12,-0.07,0.07,-0.115,0.02,0,0,0,0,0
2009-08-13 00:00:00+00:00,-0.14,-0.055,0.09,-0.15,0.04,0,0,0,0,0
2009-08-14 00:00:00+00:00,-0.165,-0.045,0.115,-0.165,0.045,0,0,0,0,0
2009-08-17 00:00:00+00:00,-0.125,-0.04,0.075,-0.165,0.035,0,0,0,0,0
2009-08-18 00:00:00+00:00,-0.125,0.025,0.02,-0.11,-0.055,0,0,0,0,1
2009-08-19 00:00:00+00:00,-0.125,0.015,-0.01,-0.08,-0.055,0,0,0,0,1
2009-08-20 00:00:00+00:00,-0.125,0.005,-0.03,-0.06,-0.055,0,0,0,0,1
2009-08-21 00:00:00+00:00,-0.125,0.005,0.0,-0.09,-0.045,0,0,0,0,1
2009-08-24 00:00:00+00:00,-0.125,0.005,-0.04,-0.05,-0.06,0,0,0,0,1
2009-08-25 00:00:00+00:00,-0.125,-0.01,-0.04,-0.05,-0.04,0,0,0,0,1
2009-08-26 00:00:00+00:00,-0.125,-0.035,-0.05,-0.04,-0.025,0,0,0,0,1
2009-08-27 00:00:00+00:00,-0.125,-0.055,-0.09,0.0,-0.035,0,0,0,0,1
2009-08-28 00:00:00+00:00,-0.125,-0.065,-0.11,0.02,-0.025,0,0,1,0,1
2009-08-31 00:00:00+00:00,-0.125,-0.065,-0.115,0.025,-0.015,0,0,1,0,0
2009-09-01 00:00:00+00:00,-0.125,-0.02,-0.1,0.01,-0.04,0,0,1,0,0
2009-09-02 00:00:00+00:00,-0.125,-0.045,-0.09,0.0,-0.025,0,0,1,0,0
2009-09-03 00:00:00+00:00,-0.125,-0.08,-0.155,0.065,-0.005,0,0,1,-1,0
2009-09-04 00:00:00+00:00,-0.125,-0.1,-0.175,0.085,0.015,0,0,1,-1,0
2009-09-07 00:00:00+00:00,-0.125,-0.13,-0.215,0.125,0.03,0,1,1,-1,0
2009-09-08 00:00:00+00:00,-0.125,-0.145,-0.235,0.145,0.045,0,1,1,-1,0
2009-09-09 00:00:00+00:00,-0.125,-0.14,-0.235,0.145,0.04,0,1,1,-1,0
2009-09-10 00:00:00+00:00,-0.125,-0.155,-0.255,0.165,0.06,0,1,1,-1,0
2009-09-11 00:00:00+00:00,-0.125,-0.16,-0.255,0.165,0.065,0,1,1,-1,0
2009-09-13 00:00:00+00:00,-0.125,-0.16,-0.25,0.16,0.065,0,1,1,-1,0
2009-09-14 00:00:00+00:00,-0.125,-0.15,-0.24,0.15,0.05,0,1,1,-1,0
2009-09-15 00:00:00+00:00,0.055,0.0,-0.235,0.01,0.0,-1,0,1,0,0
2009-09-16 00:00:00+00:00,0.025,-0.03,-0.235,0.04,0.025,-1,0,1,0,0
2009-09-17 00:00:00+00:00,0.01,-0.01,-0.235,0.055,-0.005,-1,0,1,0,0
2009-09-18 00:00:00+00:00,-0.005,-0.005,-0.235,0.05,-0.015,-1,0,1,0,0
2009-09-21 00:00:00+00:00,0.01,0.0,-0.235,0.045,-0.03,-1,0,1,0,0
2009-09-22 00:00:00+00:00,0.045,0.04,-0.235,0.005,-0.04,-1,0,1,0,0
2009-09-23 00:00:00+00:00,0.095,0.01,-0.235,-0.025,0.01,-1,0,1,0,0
2009-09-24 00:00:00+00:00,0.085,0.02,-0.235,-0.03,0.0,-1,0,1,0,0
2009-09-25 00:00:00+00:00,0.06,0.005,-0.235,-0.01,0.005,-1,0,1,0,0
2009-09-28 00:00:00+00:00,0.065,0.01,-0.235,-0.02,0.005,-1,0,1,0,0
2009-09-29 00:00:00+00:00,0.045,0.005,-0.235,-0.005,0.0,-1,0,1,0,0
2009-09-30 00:00:00+00:00,0.025,-0.02,-0.235,0.03,0.015,-1,0,1,0,0
2009-10-01 00:00:00+00:00,0.035,-0.005,-0.235,0.03,0.0,-1,0,1,0,0
2009-10-02 00:00:00+00:00,0.05,-0.01,-0.235,0.02,0.01,-1,0,1,0,0
2009-10-05 00:00:00+00:00,0.05,0.0,-0.235,0.015,0.0,-1,0,1,0,0
2009-10-06 00:00:00+00:00,0.035,-0.005,-0.235,0.025,0.0,-1,0,1,0,0
2009-10-07 00:00:00+00:00,-0.01,-0.02,-0.235,0.065,-0.015,0,0,1,0,0
2009-10-08 00:00:00+00:00,-0.05,-0.035,-0.235,0.105,-0.035,0,0,1,0,0
2009-10-09 00:00:00+00:00,-0.105,-0.045,-0.235,0.145,-0.05,0,0,1,0,0
2009-10-12 00:00:00+00:00,-0.07,-0.055,-0.235,0.12,-0.035,0,0,0,0,0
2009-10-13 00:00:00+00:00,-0.06,-0.045,-0.235,0.105,-0.035,0,0,0,0,0
2009-10-14 00:00:00+00:00,-0.08,-0.055,-0.045,-0.075,-0.03,0,0,0,0,0
2009-10-15 00:00:00+00:00,-0.115,-0.07,-0.045,-0.06,-0.035,0,0,0,0,0
2009-10-16 00:00:00+00:00,-0.13,-0.065,-0.045,-0.06,-0.05,0,0,0,0,0
2009-10-19 00:00:00+00:00,-0.13,-0.055,-0.065,-0.055,-0.045,0,0,0,0,0
2009-10-20 00:00:00+00:00,-0.03,-0.075,-0.17,0.02,-0.065,0,0,0,0,0
2009-10-21 00:00:00+00:00,-0.02,-0.085,-0.18,0.025,-0.06,0,0,0,0,0
2009-10-22 00:00:00+00:00,-0.05,-0.09,-0.15,0.005,-0.06,0,0,0,0,0
2009-10-23 00:00:00+00:00,-0.065,-0.095,-0.135,0.005,-0.05,0,0,0,0,0
2009-10-26 00:00:00+00:00,-0.095,-0.105,-0.105,0.005,-0.04,0,0,0,0,0
2009-10-27 00:00:00+00:00,-0.135,-0.055,-0.065,-0.07,-0.03,0,0,0,0,0
2009-10-28 00:00:00+00:00,-0.155,-0.05,-0.045,-0.08,-0.03,0,0,0,0,0
2009-10-29 00:00:00+00:00,-0.1,-0.03,-0.1,-0.08,-0.035,0,0,0,0,0
2009-10-30 00:00:00+00:00,-0.125,-0.03,-0.075,-0.08,-0.045,0,0,0,0,0
2009-11-02 00:00:00+00:00,-0.135,-0.04,-0.065,-0.08,-0.03,0,0,0,0,0
2009-11-03 00:00:00+00:00,-0.15,-0.05,-0.05,-0.08,-0.03,0,0,0,0,0
2009-11-04 00:00:00+00:00,-0.155,-0.05,-0.045,-0.08,-0.03,0,0,0,0,0
2009-11-05 00:00:00+00:00,-0.195,-0.075,-0.005,-0.08,-0.025,0,0,0,0,0
2009-11-06 00:00:00+00:00,-0.255,-0.025,0.055,-0.14,-0.005,1,0,-1,0,0
2009-11-09 00:00:00+00:00,-0.25,-0.02,0.05,-0.14,0.0,1,0,-1,0,0
2009-11-10 00:00:00+00:00,-0.24,-0.02,0.04,-0.135,-0.015,1,0,-1,0,0
2009-11-11 00:00:00+00:00,-0.275,-0.025,-0.005,-0.055,-0.015,1,0,-1,0,0
2009-11-12 00:00:00+00:00,-0.295,-0.04,0.015,-0.055,0.0,1,0,-1,0,0
2009-11-13 00:00:00+00:00,-0.29,-0.04,0.01,-0.055,-0.005,1,0,-1,0,0
2009-11-16 00:00:00+00:00,-0.305,-0.01,0.025,-0.075,-0.015,1,0,-1,0,0
2009-11-17 00:00:00+00:00,-0.305,-0.005,0.01,-0.06,0.005,1,0,-1,0,0
2009-11-18 00:00:00+00:00,-0.305,0.015,0.01,-0.06,-0.015,1,0,-1,0,0
2009-11-19 00:00:00+00:00,-0.305,0.01,0.015,-0.065,-0.005,1,0,-1,0,0
2009-11-20 00:00:00+00:00,-0.305,0.035,0.05,-0.1,-0.03,1,0,-1,0,0
2009-11-23 00:00:00+00:00,-0.305,0.045,0.085,-0.135,-0.035,1,0,-1,0,0
2009-11-24 00:00:00+00:00,-0.305,-0.035,0.085,-0.045,-0.035,1,0,-1,0,0
2009-11-25 00:00:00+00:00,-0.305,-0.04,0.115,-0.06,-0.045,1,0,-1,0,0
2009-11-26 00:00:00+00:00,-0.305,-0.05,0.075,-0.02,-0.045,1,0,-1,0,0
2009-11-27 00:00:00+00:00,-0.305,-0.025,0.105,-0.05,-0.06,1,0,-1,0,0
2009-11-30 00:00:00+00:00,-0.305,-0.05,0.13,-0.05,-0.06,1,0,-1,0,0
2009-12-01 00:00:00+00:00,-0.305,-0.045,0.095,-0.04,-0.04,1,0,-1,0,0
2009-12-02 00:00:00+00:00,-0.305,-0.06,0.09,-0.035,-0.03,1,0,-1,0,0
2009-12-03 00:00:00+00:00,-0.305,-0.08,0.055,0.0,-0.03,1,0,-1,0,0
2009-12-04 00:00:00+00:00,-0.305,-0.03,0.055,-0.05,-0.03,1,0,-1,0,0
2009-12-07 00:00:00+00:00,-0.305,-0.03,0.045,-0.05,-0.03,1,0,-1,0,0
2009-12-08 00:00:00+00:00,-0.305,-0.02,0.01,-0.03,-0.03,1,0,0,0,0
2009-12-09 00:00:00+00:00,-0.305,-0.02,0.035,-0.06,-0.02,1,0,0,0,0
2009-12-10 00:00:00+00:00,-0.305,-0.005,0.035,-0.07,-0.025,1,0,0,0,0
2009-12-11 00:00:00+00:00,-0.305,-0.05,0.045,-0.035,-0.025,1,0,0,0,0
2009-12-14 00:00:00+00:00,-0.305,-0.04,0.04,-0.03,-0.045,1,0,0,0,0
2009-12-15 00:00:00+00:00,-0.37,-0.05,0.04,0.015,-0.04,1,0,0,0,0
2009-12-16 00:00:00+00:00,-0.315,-0.04,0.04,-0.025,-0.03,1,0,0,0,0
2009-12-17 00:00:00+00:00,-0.265,-0.04,0.04,-0.05,-0.015,0,0,0,0,0
2009-12-18 00:00:00+00:00,-0.255,-0.035,0.04,-0.05,-0.02,0,0,0,0,0
2009-12-21 00:00:00+00:00,-0.29,-0.045,0.04,-0.05,-0.015,0,0,0,0,0
2009-12-22 00:00:00+00:00,-0.295,-0.045,0.04,-0.045,-0.025,0,0,0,0,0
2009-12-23 00:00:00+00:00,-0.29,-0.04,0.04,-0.06,-0.015,0,0,0,0,0
2009-12-24 00:00:00+00:00,-0.31,-0.04,0.04,-0.06,-0.015,0,0,0,0,0
2009-12-28 00:00:00+00:00,-0.31,-0.045,0.04,-0.055,-0.02,0,0,0,0,0
2009-12-29 00:00:00+00:00,-0.34,-0.04,0.04,-0.055,-0.02,0,0,0,0,0
2009-12-30 00:00:00+00:00,-0.34,-0.045,0.04,-0.06,-0.01,0,0,0,0,0
2009-12-31 00:00:00+00:00,-0.345,-0.05,0.04,-0.055,-0.005,0,0,0,0,0
