Date-Time,Open,High,Low,Close,Volume,FEIcm6
2006-01-02 00:00:00+00:00,96.87,96.885,96.815,96.835,23619.0,215651.0
2006-01-03 00:00:00+00:00,96.785,96.865,96.785,96.85,81700.0,222142.0
2006-01-04 00:00:00+00:00,96.865,97.025,96.865,96.98,262195.0,222447.0
2006-01-05 00:00:00+00:00,97.0,97.02,96.94,96.995,131348.0,218555.0
2006-01-06 00:00:00+00:00,96.995,97.03,96.965,96.99,86349.0,221934.0
2006-01-09 00:00:00+00:00,96.985,96.99,96.94,96.955,84306.0,224964.0
2006-01-10 00:00:00+00:00,96.955,96.97,96.9,96.9,94817.0,222017.0
2006-01-11 00:00:00+00:00,96.9,96.91,96.855,96.865,196518.0,219526.0
2006-01-12 00:00:00+00:00,96.86,96.93,96.855,96.92,135295.0,220492.0
2006-01-13 00:00:00+00:00,96.91,96.925,96.895,96.92,105656.0,220615.0
2006-01-16 00:00:00+00:00,96.915,96.925,96.9,96.91,45992.0,223200.0
2006-01-17 00:00:00+00:00,96.92,96.955,96.915,96.945,131275.0,221579.0
2006-01-18 00:00:00+00:00,96.97,96.985,96.89,96.905,230669.0,230111.0
2006-01-19 00:00:00+00:00,96.9,96.91,96.83,96.845,237720.0,217850.0
2006-01-20 00:00:00+00:00,96.835,96.875,96.815,96.84,123547.0,216879.0
2006-01-23 00:00:00+00:00,96.835,96.855,96.79,96.815,159164.0,221697.0
2006-01-24 00:00:00+00:00,96.8,96.835,96.795,96.805,190321.0,236256.0
2006-01-25 00:00:00+00:00,96.795,96.815,96.775,96.775,183298.0,243098.0
2006-01-26 00:00:00+00:00,96.775,96.815,96.745,96.755,189477.0,243513.0
2006-01-27 00:00:00+00:00,96.795,96.795,96.715,96.73,211586.0,245420.0
2006-01-30 00:00:00+00:00,96.7,96.74,96.68,96.72,163927.0,249997.0
2006-01-31 00:00:00+00:00,96.71,96.735,96.705,96.71,84062.0,252021.0
2006-02-01 00:00:00+00:00,96.715,96.76,96.68,96.685,154990.0,251036.0
2006-02-02 00:00:00+00:00,96.675,96.725,96.675,96.7,157663.0,253950.0
2006-02-03 00:00:00+00:00,96.695,96.745,96.68,96.745,128024.0,261091.0
2006-02-06 00:00:00+00:00,96.7,96.755,96.7,96.735,75038.0,262276.0
2006-02-07 00:00:00+00:00,96.73,96.78,96.715,96.74,187983.0,258084.0
2006-02-08 00:00:00+00:00,96.735,96.78,96.735,96.755,136415.0,260426.0
2006-02-09 00:00:00+00:00,96.75,96.795,96.715,96.775,149690.0,265585.0
2006-02-10 00:00:00+00:00,96.77,96.825,96.75,96.78,168835.0,257142.0
2006-02-13 00:00:00+00:00,96.785,96.79,96.755,96.785,93390.0,255407.0
2006-02-14 00:00:00+00:00,96.76,96.805,96.76,96.78,121254.0,252848.0
2006-02-15 00:00:00+00:00,96.785,96.815,96.77,96.78,132050.0,252885.0
2006-02-16 00:00:00+00:00,96.78,96.79,96.735,96.77,104785.0,252900.0
2006-02-17 00:00:00+00:00,96.78,96.83,96.765,96.82,126723.0,251143.0
2006-02-20 00:00:00+00:00,96.825,96.855,96.82,96.845,91798.0,249773.0
2006-02-21 00:00:00+00:00,96.845,96.865,96.805,96.815,110214.0,249963.0
2006-02-22 00:00:00+00:00,96.815,96.82,96.765,96.805,202666.0,252737.0
2006-02-23 00:00:00+00:00,96.81,96.81,96.715,96.725,196576.0,252491.0
2006-02-24 00:00:00+00:00,96.71,96.745,96.7,96.705,162918.0,260040.0
2006-02-27 00:00:00+00:00,96.695,96.7,96.65,96.66,161494.0,263758.0
2006-02-28 00:00:00+00:00,96.66,96.7,96.645,96.675,156168.0,265612.0
2006-03-01 00:00:00+00:00,96.68,96.695,96.66,96.675,114198.0,264699.0
2006-03-02 00:00:00+00:00,96.67,96.705,96.6,96.605,223305.0,277882.0
2006-03-03 00:00:00+00:00,96.615,96.615,96.565,96.575,161153.0,270888.0
2006-03-06 00:00:00+00:00,96.565,96.595,96.56,96.57,100402.0,277584.0
2006-03-07 00:00:00+00:00,96.57,96.575,96.53,96.55,228673.0,278871.0
2006-03-08 00:00:00+00:00,96.565,96.585,96.53,96.545,160948.0,281244.0
2006-03-09 00:00:00+00:00,96.535,96.57,96.535,96.55,131243.0,277318.0
2006-03-10 00:00:00+00:00,96.55,96.565,96.5,96.51,171256.0,284390.0
2006-03-13 00:00:00+00:00,96.51,96.51,96.455,96.485,146293.0,285101.0
2006-03-14 00:00:00+00:00,96.435,96.51,96.435,96.5,131633.0,233388.0
2006-03-15 00:00:00+00:00,96.49,96.5,96.425,96.445,139996.0,241285.0
2006-03-16 00:00:00+00:00,96.445,96.48,96.395,96.475,144493.0,239302.0
2006-03-17 00:00:00+00:00,96.47,96.49,96.4,96.415,144085.0,250906.0
2006-03-20 00:00:00+00:00,96.41,96.47,96.41,96.45,89654.0,249715.0
2006-03-21 00:00:00+00:00,96.45,96.475,96.43,96.455,116185.0,248103.0
2006-03-22 00:00:00+00:00,96.455,96.485,96.44,96.465,113056.0,252482.0
2006-03-23 00:00:00+00:00,96.46,96.505,96.445,96.455,158334.0,261010.0
2006-03-24 00:00:00+00:00,96.455,96.51,96.445,96.51,83850.0,264600.0
2006-03-27 00:00:00+00:00,96.505,96.53,96.5,96.51,116419.0,262436.0
2006-03-28 00:00:00+00:00,96.51,96.515,96.385,96.385,249364.0,268823.0
2006-03-29 00:00:00+00:00,96.385,96.4,96.36,96.37,121249.0,274440.0
2006-03-30 00:00:00+00:00,96.375,96.39,96.325,96.335,134145.0,275344.0
2006-03-31 00:00:00+00:00,96.35,96.365,96.315,96.32,118000.0,278649.0
2006-04-03 00:00:00+00:00,96.315,96.335,96.27,96.295,136736.0,274346.0
2006-04-04 00:00:00+00:00,96.3,96.34,96.29,96.3,153814.0,278949.0
2006-04-05 00:00:00+00:00,96.31,96.345,96.3,96.335,126066.0,278949.0
2006-04-06 00:00:00+00:00,96.33,96.41,96.28,96.345,341884.0,288974.0
2006-04-07 00:00:00+00:00,96.335,96.41,96.33,96.365,211941.0,294946.0
2006-04-10 00:00:00+00:00,96.35,96.37,96.315,96.32,78106.0,300321.0
2006-04-11 00:00:00+00:00,96.32,96.35,96.315,96.335,82133.0,298879.0
2006-04-12 00:00:00+00:00,96.345,96.365,96.31,96.32,117896.0,306296.0
2006-04-13 00:00:00+00:00,96.325,96.33,96.25,96.25,170912.0,299718.0
2006-04-18 00:00:00+00:00,96.27,96.305,96.265,96.295,90031.0,294982.0
2006-04-19 00:00:00+00:00,96.305,96.335,96.27,96.29,141210.0,296265.0
2006-04-20 00:00:00+00:00,96.285,96.305,96.27,96.29,71677.0,294896.0
2006-04-21 00:00:00+00:00,96.26,96.335,96.26,96.285,84597.0,294476.0
2006-04-24 00:00:00+00:00,96.295,96.34,96.27,96.295,126148.0,296435.0
2006-04-25 00:00:00+00:00,96.315,96.315,96.18,96.19,243358.0,297478.0
2006-04-26 00:00:00+00:00,96.185,96.205,96.165,96.19,171417.0,294543.0
2006-04-27 00:00:00+00:00,96.195,96.24,96.12,96.225,194260.0,296309.0
2006-04-28 00:00:00+00:00,96.245,96.25,96.18,96.24,124861.0,297995.0
2006-05-02 00:00:00+00:00,96.22,96.22,96.185,96.205,100024.0,305711.0
2006-05-03 00:00:00+00:00,96.205,96.225,96.185,96.205,141576.0,313828.0
2006-05-04 00:00:00+00:00,96.22,96.22,96.155,96.185,130055.0,320898.0
2006-05-05 00:00:00+00:00,96.185,96.24,96.16,96.21,177363.0,332296.0
2006-05-08 00:00:00+00:00,96.215,96.24,96.18,96.195,96075.0,330748.0
2006-05-09 00:00:00+00:00,96.19,96.195,96.17,96.185,105946.0,327381.0
2006-05-10 00:00:00+00:00,96.19,96.245,96.165,96.215,151281.0,328793.0
2006-05-11 00:00:00+00:00,96.205,96.215,96.16,96.17,142091.0,331419.0
2006-05-12 00:00:00+00:00,96.175,96.23,96.14,96.2,294527.0,334507.0
2006-05-15 00:00:00+00:00,96.18,96.315,96.18,96.295,338274.0,329180.0
2006-05-16 00:00:00+00:00,96.3,96.36,96.29,96.35,367547.0,324619.0
2006-05-17 00:00:00+00:00,96.345,96.365,96.28,96.31,211386.0,322807.0
2006-05-18 00:00:00+00:00,96.325,96.37,96.305,96.355,179012.0,325445.0
2006-05-19 00:00:00+00:00,96.36,96.385,96.315,96.34,158911.0,325420.0
2006-05-22 00:00:00+00:00,96.35,96.44,96.35,96.405,227113.0,321965.0
2006-05-23 00:00:00+00:00,96.415,96.42,96.375,96.405,126712.0,319048.0
2006-05-24 00:00:00+00:00,96.425,96.455,96.38,96.415,226841.0,327674.0
2006-05-25 00:00:00+00:00,96.42,96.43,96.405,96.41,99630.0,323205.0
2006-05-26 00:00:00+00:00,96.415,96.42,96.385,96.415,107330.0,325211.0
2006-05-29 00:00:00+00:00,96.42,96.42,96.38,96.39,33071.0,326866.0
2006-05-30 00:00:00+00:00,96.4,96.42,96.325,96.34,178772.0,324916.0
2006-05-31 00:00:00+00:00,96.335,96.375,96.26,96.265,197466.0,310175.0
2006-06-01 00:00:00+00:00,96.25,96.285,96.245,96.265,190886.0,316625.0
2006-06-02 00:00:00+00:00,96.27,96.35,96.25,96.33,173367.0,314130.0
2006-06-05 00:00:00+00:00,96.335,96.335,96.26,96.27,120889.0,317868.0
2006-06-06 00:00:00+00:00,96.255,96.27,96.23,96.235,133277.0,318967.0
2006-06-07 00:00:00+00:00,96.235,96.25,96.22,96.235,143075.0,318031.0
2006-06-08 00:00:00+00:00,96.245,96.36,96.24,96.32,380233.0,328859.0
2006-06-09 00:00:00+00:00,96.315,96.4,96.305,96.37,334639.0,323928.0
2006-06-12 00:00:00+00:00,96.365,96.405,96.355,96.39,128513.0,320113.0
2006-06-13 00:00:00+00:00,96.405,96.45,96.395,96.42,243916.0,315334.0
2006-06-14 00:00:00+00:00,96.42,96.42,96.355,96.365,168810.0,312500.0
2006-06-15 00:00:00+00:00,96.36,96.365,96.3,96.315,188397.0,312981.0
2006-06-16 00:00:00+00:00,96.31,96.345,96.3,96.315,101534.0,314286.0
2006-06-19 00:00:00+00:00,96.32,96.325,96.26,96.27,184368.0,319825.0
2006-06-20 00:00:00+00:00,96.225,96.25,96.18,96.185,140998.0,271010.0
2006-06-21 00:00:00+00:00,96.18,96.18,96.155,96.165,180734.0,269238.0
2006-06-22 00:00:00+00:00,96.15,96.165,96.13,96.13,143331.0,267527.0
2006-06-23 00:00:00+00:00,96.125,96.155,96.1,96.11,140566.0,264743.0
2006-06-26 00:00:00+00:00,96.1,96.115,96.06,96.07,293679.0,272313.0
2006-06-27 00:00:00+00:00,96.07,96.1,96.02,96.05,153963.0,272809.0
2006-06-28 00:00:00+00:00,96.045,96.065,96.03,96.045,114696.0,283883.0
2006-06-29 00:00:00+00:00,96.035,96.12,96.035,96.11,167088.0,291376.0
2006-06-30 00:00:00+00:00,96.11,96.13,96.03,96.08,137651.0,291591.0
2006-07-03 00:00:00+00:00,96.085,96.11,96.04,96.055,161988.0,302768.0
2006-07-04 00:00:00+00:00,96.055,96.085,96.045,96.065,47265.0,299758.0
2006-07-05 00:00:00+00:00,96.065,96.08,96.0,96.015,152434.0,300812.0
2006-07-06 00:00:00+00:00,96.02,96.05,95.96,95.995,192871.0,305234.0
2006-07-07 00:00:00+00:00,95.995,96.07,95.995,96.055,149485.0,307966.0
2006-07-10 00:00:00+00:00,96.055,96.06,96.015,96.03,105385.0,305195.0
2006-07-11 00:00:00+00:00,96.03,96.09,96.02,96.07,141133.0,313857.0
2006-07-12 00:00:00+00:00,96.075,96.075,96.015,96.045,102773.0,316670.0
2006-07-13 00:00:00+00:00,96.045,96.13,96.045,96.13,186657.0,305752.0
2006-07-14 00:00:00+00:00,96.12,96.185,96.12,96.175,281142.0,296768.0
2006-07-17 00:00:00+00:00,96.165,96.195,96.145,96.165,160588.0,290636.0
2006-07-18 00:00:00+00:00,96.155,96.165,96.11,96.125,141557.0,288996.0
2006-07-19 00:00:00+00:00,96.125,96.15,96.065,96.14,181727.0,287840.0
2006-07-20 00:00:00+00:00,96.15,96.155,96.11,96.155,100697.0,288813.0
2006-07-21 00:00:00+00:00,96.15,96.2,96.15,96.185,163918.0,300254.0
2006-07-24 00:00:00+00:00,96.195,96.195,96.16,96.185,78292.0,299007.0
2006-07-25 00:00:00+00:00,96.185,96.235,96.18,96.195,166034.0,300126.0
2006-07-26 00:00:00+00:00,96.195,96.22,96.13,96.17,156143.0,296073.0
2006-07-27 00:00:00+00:00,96.175,96.22,96.175,96.2,159331.0,298528.0
2006-07-28 00:00:00+00:00,96.2,96.24,96.17,96.225,135499.0,300926.0
2006-07-31 00:00:00+00:00,96.21,96.235,96.195,96.225,107496.0,297346.0
2006-08-01 00:00:00+00:00,96.21,96.255,96.19,96.24,129772.0,296046.0
2006-08-02 00:00:00+00:00,96.23,96.26,96.195,96.23,106484.0,297528.0
2006-08-03 00:00:00+00:00,96.23,96.245,96.13,96.145,274161.0,288921.0
2006-08-04 00:00:00+00:00,96.15,96.21,96.11,96.2,228094.0,287235.0
2006-08-07 00:00:00+00:00,96.195,96.22,96.185,96.21,86530.0,285230.0
2006-08-08 00:00:00+00:00,96.205,96.24,96.195,96.225,67021.0,291877.0
2006-08-09 00:00:00+00:00,96.225,96.23,96.17,96.19,62175.0,291044.0
2006-08-10 00:00:00+00:00,96.19,96.26,96.175,96.2,144130.0,293314.0
2006-08-11 00:00:00+00:00,96.195,96.205,96.13,96.13,143613.0,286924.0
2006-08-14 00:00:00+00:00,96.18,96.18,96.07,96.075,194621.0,293574.0
2006-08-15 00:00:00+00:00,96.065,96.13,96.065,96.12,174945.0,296142.0
2006-08-16 00:00:00+00:00,96.12,96.16,96.095,96.145,162583.0,307546.0
2006-08-17 00:00:00+00:00,96.145,96.17,96.125,96.13,159270.0,314220.0
2006-08-18 00:00:00+00:00,96.135,96.145,96.105,96.14,111575.0,317442.0
2006-08-21 00:00:00+00:00,96.145,96.195,96.135,96.19,212231.0,315064.0
2006-08-22 00:00:00+00:00,96.185,96.305,96.18,96.295,452878.0,318989.0
2006-08-23 00:00:00+00:00,96.295,96.305,96.265,96.29,219101.0,329231.0
2006-08-24 00:00:00+00:00,96.285,96.355,96.23,96.29,179375.0,334141.0
2006-08-25 00:00:00+00:00,96.295,96.32,96.295,96.315,96407.0,333672.0
2006-08-28 00:00:00+00:00,96.31,96.325,96.295,96.32,32729.0,333354.0
2006-08-29 00:00:00+00:00,96.32,96.32,96.255,96.29,96568.0,331198.0
2006-08-30 00:00:00+00:00,96.285,96.3,96.265,96.28,121043.0,336859.0
2006-08-31 00:00:00+00:00,96.29,96.33,96.24,96.33,228540.0,346061.0
2006-09-01 00:00:00+00:00,96.325,96.33,96.285,96.33,155459.0,349988.0
2006-09-04 00:00:00+00:00,96.315,96.32,96.3,96.315,70032.0,353125.0
2006-09-05 00:00:00+00:00,96.31,96.315,96.26,96.265,180854.0,355571.0
2006-09-06 00:00:00+00:00,96.265,96.27,96.2,96.23,215789.0,352124.0
2006-09-07 00:00:00+00:00,96.225,96.23,96.17,96.2,245814.0,358099.0
2006-09-08 00:00:00+00:00,96.195,96.23,96.19,96.195,125596.0,351617.0
2006-09-11 00:00:00+00:00,96.19,96.2,96.15,96.16,198335.0,348245.0
2006-09-12 00:00:00+00:00,96.155,96.16,96.11,96.155,259871.0,344821.0
2006-09-13 00:00:00+00:00,96.15,96.175,96.14,96.16,145380.0,348130.0
2006-09-14 00:00:00+00:00,96.155,96.165,96.13,96.14,161337.0,352552.0
2006-09-15 00:00:00+00:00,96.13,96.17,96.12,96.125,179751.0,352552.0
2006-09-18 00:00:00+00:00,96.095,96.125,96.075,96.095,245239.0,354517.0
2006-09-19 00:00:00+00:00,96.125,96.21,96.115,96.21,144455.0,212730.0
2006-09-20 00:00:00+00:00,96.185,96.22,96.185,96.185,98773.0,216489.0
2006-09-21 00:00:00+00:00,96.185,96.285,96.175,96.285,126311.0,215215.0
2006-09-22 00:00:00+00:00,96.295,96.375,96.26,96.35,290381.0,220813.0
2006-09-25 00:00:00+00:00,96.365,96.425,96.36,96.415,205177.0,227791.0
2006-09-26 00:00:00+00:00,96.415,96.425,96.36,96.37,131728.0,222495.0
2006-09-27 00:00:00+00:00,96.37,96.395,96.335,96.355,125695.0,220916.0
2006-09-28 00:00:00+00:00,96.345,96.365,96.315,96.335,92083.0,222504.0
2006-09-29 00:00:00+00:00,96.335,96.36,96.29,96.305,119831.0,223716.0
2006-10-02 00:00:00+00:00,96.29,96.33,96.265,96.31,117732.0,220917.0
2006-10-03 00:00:00+00:00,96.32,96.33,96.265,96.28,117207.0,215727.0
2006-10-04 00:00:00+00:00,96.28,96.33,96.25,96.33,125672.0,221138.0
2006-10-05 00:00:00+00:00,96.325,96.33,96.285,96.315,110517.0,223999.0
2006-10-06 00:00:00+00:00,96.31,96.4,96.27,96.28,172680.0,226668.0
2006-10-09 00:00:00+00:00,96.28,96.295,96.245,96.265,79290.0,223837.0
2006-10-10 00:00:00+00:00,96.255,96.265,96.175,96.185,190040.0,228826.0
2006-10-11 00:00:00+00:00,96.19,96.23,96.165,96.17,121663.0,231836.0
2006-10-12 00:00:00+00:00,96.17,96.24,96.16,96.215,133565.0,233978.0
2006-10-13 00:00:00+00:00,96.225,96.24,96.175,96.185,96239.0,233978.0
2006-10-16 00:00:00+00:00,96.18,96.215,96.165,96.2,80331.0,235475.0
2006-10-17 00:00:00+00:00,96.195,96.235,96.195,96.22,84989.0,234002.0
2006-10-18 00:00:00+00:00,96.22,96.25,96.185,96.22,119626.0,235222.0
2006-10-19 00:00:00+00:00,96.22,96.235,96.175,96.18,134243.0,242251.0
2006-10-20 00:00:00+00:00,96.175,96.21,96.15,96.16,100499.0,241969.0
2006-10-23 00:00:00+00:00,96.16,96.16,96.105,96.115,120780.0,248073.0
2006-10-24 00:00:00+00:00,96.11,96.13,96.1,96.115,88941.0,247917.0
2006-10-25 00:00:00+00:00,96.11,96.13,96.085,96.13,101475.0,246920.0
2006-10-26 00:00:00+00:00,96.125,96.145,96.11,96.13,107695.0,243241.0
2006-10-27 00:00:00+00:00,96.13,96.175,96.11,96.165,106182.0,243480.0
2006-10-30 00:00:00+00:00,96.165,96.195,96.16,96.175,84832.0,237930.0
2006-10-31 00:00:00+00:00,96.175,96.255,96.165,96.245,154069.0,234169.0
2006-11-01 00:00:00+00:00,96.245,96.32,96.23,96.305,240170.0,241960.0
2006-11-02 00:00:00+00:00,96.3,96.305,96.245,96.27,134530.0,243314.0
2006-11-03 00:00:00+00:00,96.27,96.29,96.185,96.19,146528.0,250461.0
2006-11-06 00:00:00+00:00,96.185,96.19,96.15,96.17,135997.0,250967.0
2006-11-07 00:00:00+00:00,96.175,96.205,96.165,96.2,135810.0,251549.0
2006-11-08 00:00:00+00:00,96.2,96.225,96.155,96.175,108137.0,253669.0
2006-11-09 00:00:00+00:00,96.18,96.195,96.15,96.18,123776.0,262875.0
2006-11-10 00:00:00+00:00,96.19,96.255,96.19,96.23,154391.0,258591.0
2006-11-13 00:00:00+00:00,96.24,96.28,96.2,96.215,132181.0,261138.0
2006-11-14 00:00:00+00:00,96.2,96.25,96.18,96.215,171668.0,261138.0
2006-11-15 00:00:00+00:00,96.215,96.25,96.18,96.18,135934.0,260625.0
2006-11-16 00:00:00+00:00,96.185,96.22,96.135,96.155,141947.0,257812.0
2006-11-17 00:00:00+00:00,96.15,96.21,96.135,96.205,149687.0,254546.0
2006-11-20 00:00:00+00:00,96.21,96.245,96.205,96.235,105815.0,249574.0
2006-11-21 00:00:00+00:00,96.24,96.26,96.205,96.23,109960.0,247190.0
2006-11-22 00:00:00+00:00,96.225,96.25,96.21,96.245,137704.0,255179.0
2006-11-23 00:00:00+00:00,96.24,96.255,96.18,96.195,97780.0,252979.0
2006-11-24 00:00:00+00:00,96.19,96.26,96.175,96.24,173045.0,258593.0
2006-11-27 00:00:00+00:00,96.235,96.285,96.22,96.275,138485.0,267393.0
2006-11-28 00:00:00+00:00,96.28,96.29,96.255,96.28,148804.0,268859.0
2006-11-29 00:00:00+00:00,96.28,96.285,96.225,96.235,97128.0,272254.0
2006-11-30 00:00:00+00:00,96.225,96.29,96.22,96.275,139555.0,272115.0
2006-12-01 00:00:00+00:00,96.28,96.34,96.25,96.325,168772.0,272115.0
2006-12-04 00:00:00+00:00,96.315,96.345,96.315,96.335,120977.0,278273.0
2006-12-05 00:00:00+00:00,96.34,96.35,96.28,96.295,172652.0,273956.0
2006-12-06 00:00:00+00:00,96.29,96.305,96.26,96.27,86373.0,273162.0
2006-12-07 00:00:00+00:00,96.275,96.295,96.205,96.22,201763.0,276320.0
2006-12-08 00:00:00+00:00,96.22,96.245,96.195,96.195,144849.0,270523.0
2006-12-11 00:00:00+00:00,96.195,96.2,96.16,96.185,108335.0,275571.0
2006-12-12 00:00:00+00:00,96.17,96.185,96.15,96.18,115947.0,281154.0
2006-12-13 00:00:00+00:00,96.18,96.2,96.115,96.12,163984.0,281154.0
2006-12-14 00:00:00+00:00,96.09,96.135,96.085,96.095,127873.0,285368.0
2006-12-15 00:00:00+00:00,96.085,96.13,96.055,96.055,170079.0,285368.0
2006-12-18 00:00:00+00:00,96.055,96.09,96.04,96.05,141437.0,283624.0
2006-12-19 00:00:00+00:00,96.09,96.11,96.045,96.055,121312.0,202962.0
2006-12-20 00:00:00+00:00,96.055,96.085,96.045,96.06,72586.0,210323.0
2006-12-21 00:00:00+00:00,96.055,96.08,96.035,96.075,52468.0,210323.0
2006-12-22 00:00:00+00:00,96.07,96.07,96.025,96.035,39232.0,206932.0
2006-12-27 00:00:00+00:00,96.02,96.03,95.99,95.995,50043.0,212421.0
2006-12-28 00:00:00+00:00,95.995,96.01,95.96,95.97,51161.0,210329.0
2006-12-29 00:00:00+00:00,95.98,96.0,95.965,95.97,37909.0,207190.0
2007-01-02 00:00:00+00:00,95.975,96.02,95.935,96.005,90449.0,210343.0
2007-01-03 00:00:00+00:00,96.005,96.04,95.985,96.015,97763.0,210284.0
2007-01-04 00:00:00+00:00,96.01,96.02,95.995,96.0,74679.0,215534.0
2007-01-05 00:00:00+00:00,96.01,96.03,95.945,95.965,99902.0,220517.0
2007-01-08 00:00:00+00:00,95.95,95.985,95.95,95.975,91299.0,224457.0
2007-01-09 00:00:00+00:00,95.965,95.985,95.94,95.94,93970.0,221386.0
2007-01-10 00:00:00+00:00,95.95,95.975,95.925,95.935,107689.0,226111.0
2007-01-11 00:00:00+00:00,95.94,95.985,95.895,95.95,225901.0,217507.0
2007-01-12 00:00:00+00:00,95.95,95.97,95.91,95.93,120094.0,217507.0
2007-01-15 00:00:00+00:00,95.92,95.935,95.915,95.925,51310.0,215829.0
2007-01-16 00:00:00+00:00,95.93,95.945,95.91,95.92,102763.0,222787.0
2007-01-17 00:00:00+00:00,95.92,95.955,95.91,95.915,120794.0,230267.0
2007-01-18 00:00:00+00:00,95.92,95.92,95.865,95.91,180669.0,232049.0
2007-01-19 00:00:00+00:00,95.895,95.94,95.885,95.895,128574.0,232548.0
2007-01-22 00:00:00+00:00,95.88,95.945,95.88,95.93,76217.0,231291.0
2007-01-23 00:00:00+00:00,95.93,95.955,95.91,95.915,99564.0,234224.0
2007-01-24 00:00:00+00:00,95.91,95.935,95.89,95.905,85925.0,234224.0
2007-01-25 00:00:00+00:00,95.9,95.935,95.86,95.875,132157.0,237550.0
2007-01-26 00:00:00+00:00,95.865,95.88,95.84,95.87,106567.0,239940.0
2007-01-29 00:00:00+00:00,95.875,95.885,95.845,95.845,87725.0,241989.0
2007-01-30 00:00:00+00:00,95.845,95.88,95.81,95.86,110968.0,249761.0
2007-01-31 00:00:00+00:00,95.86,95.88,95.83,95.875,145115.0,260949.0
2007-02-01 00:00:00+00:00,95.88,95.925,95.87,95.88,180042.0,266433.0
2007-02-02 00:00:00+00:00,95.88,95.96,95.86,95.95,234946.0,268506.0
2007-02-05 00:00:00+00:00,95.955,95.99,95.945,95.975,179824.0,262185.0
2007-02-06 00:00:00+00:00,95.98,95.99,95.955,95.985,117601.0,263996.0
2007-02-07 00:00:00+00:00,95.98,95.985,95.94,95.975,182421.0,263996.0
2007-02-08 00:00:00+00:00,95.98,95.98,95.91,95.93,226700.0,267534.0
2007-02-09 00:00:00+00:00,95.92,95.93,95.885,95.9,158017.0,270536.0
2007-02-12 00:00:00+00:00,95.88,95.9,95.87,95.885,123820.0,279932.0
2007-02-13 00:00:00+00:00,95.88,95.89,95.86,95.865,125148.0,279858.0
2007-02-14 00:00:00+00:00,95.865,95.9,95.855,95.89,119567.0,286705.0
2007-02-15 00:00:00+00:00,95.885,95.965,95.875,95.95,213222.0,286053.0
2007-02-16 00:00:00+00:00,95.94,96.0,95.905,95.915,148566.0,284197.0
2007-02-19 00:00:00+00:00,95.915,95.92,95.895,95.9,45435.0,285310.0
2007-02-20 00:00:00+00:00,95.895,95.92,95.875,95.91,114050.0,288738.0
2007-02-21 00:00:00+00:00,95.865,95.93,95.865,95.915,140499.0,286469.0
2007-02-22 00:00:00+00:00,95.91,95.92,95.87,95.87,120097.0,288076.0
2007-02-23 00:00:00+00:00,95.87,95.915,95.86,95.905,151432.0,279733.0
2007-02-26 00:00:00+00:00,95.905,95.975,95.905,95.965,191881.0,276425.0
2007-02-27 00:00:00+00:00,95.965,96.325,95.96,96.105,383357.0,262384.0
2007-02-28 00:00:00+00:00,96.075,96.09,96.0,96.015,301369.0,268776.0
2007-03-01 00:00:00+00:00,96.02,96.09,95.995,96.035,270793.0,259200.0
2007-03-02 00:00:00+00:00,96.035,96.095,96.025,96.085,219509.0,259200.0
2007-03-05 00:00:00+00:00,96.1,96.135,96.07,96.09,217411.0,270863.0
2007-03-06 00:00:00+00:00,96.08,96.08,96.045,96.055,129639.0,270384.0
2007-03-07 00:00:00+00:00,96.05,96.065,96.045,96.06,83877.0,272007.0
2007-03-08 00:00:00+00:00,96.05,96.055,95.995,96.05,196247.0,272477.0
2007-03-09 00:00:00+00:00,96.05,96.055,95.985,96.0,173102.0,253873.0
2007-03-12 00:00:00+00:00,95.955,96.035,95.955,96.015,136456.0,256663.0
2007-03-13 00:00:00+00:00,96.02,96.075,95.995,96.06,159350.0,258275.0
2007-03-14 00:00:00+00:00,96.07,96.075,96.035,96.045,143582.0,260364.0
2007-03-15 00:00:00+00:00,96.05,96.05,96.005,96.02,125287.0,266355.0
2007-03-16 00:00:00+00:00,96.01,96.03,95.995,96.005,130198.0,266355.0
2007-03-19 00:00:00+00:00,96.0,96.0,95.96,95.965,107358.0,278717.0
2007-03-20 00:00:00+00:00,96.0,96.04,95.99,96.03,93212.0,243356.0
2007-03-21 00:00:00+00:00,96.03,96.075,96.015,96.065,71418.0,243356.0
2007-03-22 00:00:00+00:00,96.06,96.075,96.0,96.01,120760.0,246965.0
2007-03-23 00:00:00+00:00,96.0,96.035,95.97,95.97,141381.0,244251.0
2007-03-26 00:00:00+00:00,95.975,96.005,95.945,95.97,119950.0,248271.0
2007-03-27 00:00:00+00:00,95.975,95.98,95.95,95.955,128208.0,256764.0
2007-03-28 00:00:00+00:00,95.965,95.98,95.92,95.93,132127.0,257185.0
2007-03-29 00:00:00+00:00,95.93,95.945,95.91,95.915,115115.0,258708.0
2007-03-30 00:00:00+00:00,95.915,95.955,95.88,95.9,137161.0,256272.0
2007-04-02 00:00:00+00:00,95.9,95.91,95.87,95.875,75596.0,259414.0
2007-04-03 00:00:00+00:00,95.87,95.89,95.865,95.875,85611.0,261086.0
2007-04-04 00:00:00+00:00,95.87,95.915,95.865,95.905,98640.0,264756.0
2007-04-05 00:00:00+00:00,95.905,95.91,95.88,95.885,95286.0,269767.0
2007-04-10 00:00:00+00:00,95.87,95.87,95.835,95.845,49608.0,269106.0
2007-04-11 00:00:00+00:00,95.85,95.855,95.81,95.815,80920.0,265618.0
2007-04-12 00:00:00+00:00,95.815,95.84,95.79,95.795,112516.0,266284.0
2007-04-13 00:00:00+00:00,95.785,95.8,95.75,95.755,136564.0,263876.0
2007-04-16 00:00:00+00:00,95.75,95.785,95.745,95.78,128635.0,269911.0
2007-04-17 00:00:00+00:00,95.785,95.805,95.75,95.795,169734.0,279683.0
2007-04-18 00:00:00+00:00,95.795,95.82,95.785,95.805,89612.0,284710.0
2007-04-19 00:00:00+00:00,95.815,95.835,95.76,95.765,193150.0,279344.0
2007-04-20 00:00:00+00:00,95.76,95.79,95.75,95.775,80187.0,279852.0
2007-04-23 00:00:00+00:00,95.775,95.81,95.77,95.79,101566.0,282240.0
2007-04-24 00:00:00+00:00,95.8,95.815,95.78,95.8,135956.0,284562.0
2007-04-25 00:00:00+00:00,95.805,95.805,95.765,95.775,126591.0,288923.0
2007-04-26 00:00:00+00:00,95.77,95.77,95.72,95.725,126788.0,293549.0
2007-04-27 00:00:00+00:00,95.68,95.745,95.68,95.73,164703.0,292914.0
2007-04-30 00:00:00+00:00,95.73,95.8,95.73,95.8,125858.0,294852.0
2007-05-01 00:00:00+00:00,95.795,95.805,95.73,95.74,39672.0,294523.0
2007-05-02 00:00:00+00:00,95.745,95.765,95.71,95.725,124313.0,292950.0
2007-05-03 00:00:00+00:00,95.72,95.75,95.7,95.71,125593.0,295036.0
2007-05-04 00:00:00+00:00,95.705,95.76,95.705,95.73,106811.0,295036.0
2007-05-07 00:00:00+00:00,95.72,95.735,95.685,95.71,56586.0,295724.0
2007-05-08 00:00:00+00:00,95.71,95.735,95.695,95.725,187922.0,294609.0
2007-05-09 00:00:00+00:00,95.72,95.725,95.69,95.695,115764.0,308474.0
2007-05-10 00:00:00+00:00,95.695,95.73,95.685,95.73,110147.0,316754.0
2007-05-11 00:00:00+00:00,95.73,95.775,95.7,95.705,191751.0,319641.0
2007-05-14 00:00:00+00:00,95.705,95.705,95.65,95.66,232428.0,318672.0
2007-05-15 00:00:00+00:00,95.655,95.67,95.605,95.615,220046.0,316905.0
2007-05-16 00:00:00+00:00,95.625,95.63,95.58,95.59,248295.0,320428.0
2007-05-17 00:00:00+00:00,95.59,95.6,95.56,95.57,102894.0,322888.0
2007-05-18 00:00:00+00:00,95.57,95.59,95.55,95.565,142388.0,322888.0
2007-05-21 00:00:00+00:00,95.565,95.58,95.55,95.58,86398.0,323151.0
2007-05-22 00:00:00+00:00,95.575,95.58,95.525,95.53,131787.0,334662.0
2007-05-23 00:00:00+00:00,95.53,95.53,95.48,95.5,226650.0,337986.0
2007-05-24 00:00:00+00:00,95.5,95.545,95.5,95.525,185204.0,339231.0
2007-05-25 00:00:00+00:00,95.525,95.535,95.455,95.455,170688.0,349830.0
2007-05-28 00:00:00+00:00,95.46,95.47,95.445,95.45,11539.0,349123.0
2007-05-29 00:00:00+00:00,95.455,95.46,95.43,95.44,127184.0,359593.0
2007-05-30 00:00:00+00:00,95.445,95.47,95.43,95.435,128352.0,362390.0
2007-05-31 00:00:00+00:00,95.435,95.44,95.39,95.41,206130.0,368102.0
2007-06-01 00:00:00+00:00,95.405,95.425,95.355,95.365,146628.0,363614.0
2007-06-04 00:00:00+00:00,95.36,95.385,95.355,95.37,188513.0,366998.0
2007-06-05 00:00:00+00:00,95.38,95.38,95.335,95.345,268012.0,368167.0
2007-06-06 00:00:00+00:00,95.345,95.42,95.33,95.415,368356.0,356597.0
2007-06-07 00:00:00+00:00,95.415,95.415,95.315,95.335,256316.0,353829.0
2007-06-08 00:00:00+00:00,95.33,95.345,95.3,95.325,276952.0,355902.0
2007-06-11 00:00:00+00:00,95.32,95.35,95.31,95.32,163153.0,357719.0
2007-06-12 00:00:00+00:00,95.315,95.32,95.235,95.24,221695.0,359934.0
2007-06-13 00:00:00+00:00,95.235,95.255,95.195,95.245,299080.0,353735.0
2007-06-14 00:00:00+00:00,95.25,95.29,95.24,95.255,231512.0,349930.0
2007-06-15 00:00:00+00:00,95.25,95.275,95.22,95.26,237498.0,362842.0
2007-06-18 00:00:00+00:00,95.255,95.29,95.245,95.275,280777.0,367659.0
2007-06-19 00:00:00+00:00,95.275,95.34,95.26,95.34,155674.0,272900.0
2007-06-20 00:00:00+00:00,95.33,95.355,95.25,95.255,203561.0,263343.0
2007-06-21 00:00:00+00:00,95.255,95.325,95.235,95.27,277772.0,267896.0
2007-06-22 00:00:00+00:00,95.265,95.355,95.265,95.345,133747.0,266390.0
2007-06-25 00:00:00+00:00,95.35,95.38,95.335,95.365,189293.0,270008.0
2007-06-26 00:00:00+00:00,95.365,95.385,95.345,95.36,117259.0,267255.0
2007-06-27 00:00:00+00:00,95.37,95.425,95.37,95.385,111476.0,267255.0
2007-06-28 00:00:00+00:00,95.385,95.385,95.315,95.325,46111.0,266031.0
2007-06-29 00:00:00+00:00,95.305,95.375,95.28,95.345,187800.0,265620.0
2007-07-02 00:00:00+00:00,95.34,95.41,95.335,95.395,153387.0,270428.0
2007-07-03 00:00:00+00:00,95.385,95.4,95.325,95.33,178225.0,268355.0
2007-07-04 00:00:00+00:00,95.335,95.335,95.285,95.29,100777.0,273493.0
2007-07-05 00:00:00+00:00,95.295,95.295,95.225,95.23,186600.0,273493.0
2007-07-06 00:00:00+00:00,95.225,95.25,95.2,95.22,102119.0,272682.0
2007-07-09 00:00:00+00:00,95.215,95.24,95.205,95.225,71716.0,274743.0
2007-07-10 00:00:00+00:00,95.22,95.315,95.22,95.315,122021.0,273319.0
2007-07-11 00:00:00+00:00,95.32,95.38,95.265,95.275,275711.0,276053.0
2007-07-12 00:00:00+00:00,95.285,95.295,95.22,95.23,130876.0,278215.0
2007-07-13 00:00:00+00:00,95.225,95.275,95.21,95.24,129926.0,283189.0
2007-07-16 00:00:00+00:00,95.245,95.285,95.225,95.28,135412.0,279128.0
2007-07-17 00:00:00+00:00,95.285,95.315,95.215,95.235,130919.0,280127.0
2007-07-18 00:00:00+00:00,95.25,95.29,95.23,95.255,132034.0,276855.0
2007-07-19 00:00:00+00:00,95.245,95.275,95.23,95.26,88934.0,281070.0
2007-07-20 00:00:00+00:00,95.27,95.365,95.265,95.34,195508.0,272911.0
2007-07-23 00:00:00+00:00,95.35,95.395,95.33,95.35,241656.0,269633.0
2007-07-24 00:00:00+00:00,95.35,95.41,95.33,95.4,149810.0,270062.0
2007-07-25 00:00:00+00:00,95.41,95.42,95.375,95.39,158824.0,266296.0
2007-07-26 00:00:00+00:00,95.39,95.53,95.375,95.515,283330.0,269891.0
2007-07-27 00:00:00+00:00,95.51,95.535,95.45,95.49,241029.0,272458.0
2007-07-30 00:00:00+00:00,95.495,95.51,95.45,95.455,147336.0,273709.0
2007-07-31 00:00:00+00:00,95.46,95.51,95.42,95.505,165425.0,274627.0
2007-08-01 00:00:00+00:00,95.515,95.555,95.45,95.465,166343.0,275038.0
2007-08-02 00:00:00+00:00,95.465,95.475,95.405,95.455,164614.0,275903.0
2007-08-03 00:00:00+00:00,95.45,95.515,95.44,95.515,126296.0,277916.0
2007-08-06 00:00:00+00:00,95.525,95.54,95.47,95.47,92505.0,274984.0
2007-08-07 00:00:00+00:00,95.48,95.505,95.45,95.46,102164.0,276560.0
2007-08-08 00:00:00+00:00,95.455,95.455,95.37,95.39,138296.0,271743.0
2007-08-09 00:00:00+00:00,95.37,95.52,95.365,95.505,285731.0,275504.0
2007-08-10 00:00:00+00:00,95.52,95.6,95.515,95.535,391355.0,275504.0
2007-08-13 00:00:00+00:00,95.55,95.59,95.52,95.565,218937.0,291037.0
2007-08-14 00:00:00+00:00,95.57,95.59,95.52,95.585,143455.0,291037.0
2007-08-15 00:00:00+00:00,95.6,95.66,95.595,95.65,217663.0,300276.0
2007-08-16 00:00:00+00:00,95.685,95.85,95.66,95.765,357562.0,306258.0
2007-08-17 00:00:00+00:00,95.755,95.935,95.75,95.765,293408.0,299652.0
2007-08-20 00:00:00+00:00,95.77,95.84,95.75,95.81,163896.0,302875.0
2007-08-21 00:00:00+00:00,95.815,95.92,95.795,95.84,194346.0,303456.0
2007-08-22 00:00:00+00:00,95.84,95.84,95.665,95.75,337380.0,288021.0
2007-08-23 00:00:00+00:00,95.71,95.805,95.675,95.78,225336.0,284312.0
2007-08-24 00:00:00+00:00,95.76,95.81,95.735,95.76,148795.0,283582.0
2007-08-27 00:00:00+00:00,95.76,95.83,95.69,95.8,75746.0,286241.0
2007-08-28 00:00:00+00:00,95.84,95.84,95.77,95.835,105018.0,283865.0
2007-08-29 00:00:00+00:00,95.84,95.85,95.735,95.74,166378.0,286369.0
2007-08-30 00:00:00+00:00,95.765,95.81,95.75,95.8,158086.0,287967.0
2007-08-31 00:00:00+00:00,95.785,95.785,95.685,95.735,158340.0,287967.0
2007-09-03 00:00:00+00:00,95.745,95.78,95.715,95.735,58523.0,286202.0
2007-09-04 00:00:00+00:00,95.74,95.785,95.715,95.735,127466.0,287071.0
2007-09-05 00:00:00+00:00,95.735,95.82,95.705,95.8,182866.0,277497.0
2007-09-06 00:00:00+00:00,95.77,95.88,95.755,95.79,160358.0,276843.0
2007-09-07 00:00:00+00:00,95.795,95.955,95.77,95.92,213607.0,285593.0
2007-09-10 00:00:00+00:00,95.925,95.99,95.915,95.975,154291.0,285788.0
2007-09-11 00:00:00+00:00,95.965,95.97,95.9,95.915,117577.0,292112.0
2007-09-12 00:00:00+00:00,95.935,95.945,95.89,95.91,132740.0,298112.0
2007-09-13 00:00:00+00:00,95.91,95.93,95.8,95.82,212378.0,296117.0
2007-09-14 00:00:00+00:00,95.835,95.895,95.82,95.855,156875.0,296117.0
2007-09-17 00:00:00+00:00,95.855,95.905,95.825,95.88,127150.0,296944.0
2007-09-18 00:00:00+00:00,95.87,97.91,95.78,95.89,153855.0,220765.0
2007-09-19 00:00:00+00:00,95.865,95.875,95.77,95.79,152119.0,220765.0
2007-09-20 00:00:00+00:00,95.775,95.815,95.665,95.68,161735.0,223410.0
2007-09-21 00:00:00+00:00,95.695,95.77,95.685,95.745,192683.0,211349.0
2007-09-24 00:00:00+00:00,95.745,95.765,95.72,95.75,75235.0,212343.0
2007-09-25 00:00:00+00:00,95.77,95.82,95.755,95.8,145298.0,217322.0
2007-09-26 00:00:00+00:00,95.8,95.8,95.71,95.735,129903.0,216043.0
2007-09-27 00:00:00+00:00,95.71,95.75,95.69,95.725,120695.0,213175.0
2007-09-28 00:00:00+00:00,95.72,95.78,95.71,95.75,90809.0,211081.0
2007-10-01 00:00:00+00:00,95.755,95.8,95.73,95.77,72913.0,212998.0
2007-10-02 00:00:00+00:00,95.76,95.835,95.745,95.815,102143.0,221740.0
2007-10-03 00:00:00+00:00,95.81,95.855,95.76,95.78,123394.0,221555.0
2007-10-04 00:00:00+00:00,95.76,95.86,95.745,95.835,202992.0,219342.0
2007-10-05 00:00:00+00:00,95.85,95.87,95.76,95.775,143063.0,217909.0
2007-10-08 00:00:00+00:00,95.78,95.795,95.73,95.755,68670.0,215745.0
2007-10-09 00:00:00+00:00,95.75,95.775,95.73,95.73,105639.0,215745.0
2007-10-10 00:00:00+00:00,95.73,95.735,95.67,95.72,167277.0,215956.0
2007-10-11 00:00:00+00:00,95.72,95.72,95.66,95.705,151106.0,212154.0
2007-10-12 00:00:00+00:00,95.7,95.71,95.56,95.57,185307.0,210419.0
2007-10-15 00:00:00+00:00,95.555,95.6,95.525,95.59,128095.0,210941.0
2007-10-16 00:00:00+00:00,95.59,95.625,95.58,95.6,135179.0,210941.0
2007-10-17 00:00:00+00:00,95.615,95.645,95.565,95.63,139956.0,213780.0
2007-10-18 00:00:00+00:00,95.615,95.73,95.605,95.72,158727.0,209925.0
2007-10-19 00:00:00+00:00,95.705,95.825,95.705,95.82,175759.0,210555.0
2007-10-22 00:00:00+00:00,95.845,95.885,95.8,95.83,187682.0,213755.0
2007-10-23 00:00:00+00:00,95.83,95.845,95.805,95.835,100951.0,215731.0
2007-10-24 00:00:00+00:00,95.84,95.925,95.84,95.89,180289.0,214788.0
2007-10-25 00:00:00+00:00,95.895,95.92,95.865,95.895,149437.0,221928.0
2007-10-26 00:00:00+00:00,95.885,95.91,95.85,95.875,117932.0,217857.0
2007-10-29 00:00:00+00:00,95.86,95.895,95.845,95.86,83794.0,221039.0
2007-10-30 00:00:00+00:00,95.85,95.855,95.77,95.815,141452.0,222473.0
2007-10-31 00:00:00+00:00,95.81,95.84,95.655,95.665,211898.0,221664.0
2007-11-01 00:00:00+00:00,95.655,95.785,95.61,95.78,197847.0,221664.0
2007-11-02 00:00:00+00:00,95.78,95.815,95.69,95.79,160868.0,223875.0
2007-11-05 00:00:00+00:00,95.775,95.83,95.775,95.785,124892.0,225357.0
2007-11-06 00:00:00+00:00,95.775,95.805,95.75,95.78,149012.0,233190.0
2007-11-07 00:00:00+00:00,95.78,95.865,95.78,95.865,132435.0,228027.0
2007-11-08 00:00:00+00:00,95.87,95.925,95.825,95.9,185430.0,227830.0
2007-11-09 00:00:00+00:00,95.9,95.96,95.885,95.91,156917.0,236232.0
2007-11-12 00:00:00+00:00,95.955,95.98,95.92,95.94,77488.0,234783.0
2007-11-13 00:00:00+00:00,95.94,95.96,95.9,95.9,115345.0,237291.0
2007-11-14 00:00:00+00:00,95.885,95.9,95.84,95.87,142733.0,243003.0
2007-11-15 00:00:00+00:00,95.88,95.935,95.855,95.93,116903.0,240868.0
2007-11-16 00:00:00+00:00,95.935,95.96,95.89,95.895,151594.0,237940.0
2007-11-19 00:00:00+00:00,95.9,96.01,95.9,96.005,123285.0,242635.0
2007-11-20 00:00:00+00:00,96.005,96.005,95.93,95.945,168662.0,257242.0
2007-11-21 00:00:00+00:00,95.97,96.03,95.97,96.0,256382.0,277425.0
2007-11-22 00:00:00+00:00,96.0,96.025,95.965,96.015,90196.0,282902.0
2007-11-23 00:00:00+00:00,96.03,96.08,95.985,96.005,159534.0,284412.0
2007-11-26 00:00:00+00:00,95.99,96.11,95.965,96.095,127215.0,284412.0
2007-11-27 00:00:00+00:00,96.04,96.075,95.99,96.0,168711.0,293101.0
2007-11-28 00:00:00+00:00,96.025,96.03,95.935,95.94,187766.0,292135.0
2007-11-29 00:00:00+00:00,95.91,96.01,95.91,96.0,123762.0,290678.0
2007-11-30 00:00:00+00:00,95.985,96.0,95.93,95.96,175038.0,291371.0
2007-12-03 00:00:00+00:00,95.955,96.01,95.955,96.005,172950.0,292444.0
2007-12-04 00:00:00+00:00,96.005,96.075,95.965,96.045,258756.0,307078.0
2007-12-05 00:00:00+00:00,96.05,96.105,95.995,96.075,207100.0,307078.0
2007-12-06 00:00:00+00:00,96.055,96.19,96.02,96.03,201840.0,304380.0
2007-12-07 00:00:00+00:00,96.025,96.03,95.865,95.88,247671.0,304380.0
2007-12-10 00:00:00+00:00,95.895,95.9,95.78,95.795,255888.0,274753.0
2007-12-11 00:00:00+00:00,95.8,95.87,95.775,95.865,192387.0,269441.0
2007-12-12 00:00:00+00:00,95.88,95.88,95.695,95.745,271269.0,271276.0
2007-12-13 00:00:00+00:00,95.745,95.755,95.665,95.705,219580.0,264162.0
2007-12-14 00:00:00+00:00,95.69,95.715,95.65,95.7,136780.0,264162.0
2007-12-17 00:00:00+00:00,95.71,95.73,95.68,95.73,129325.0,269979.0
2007-12-18 00:00:00+00:00,95.72,95.78,95.695,95.77,97403.0,197696.0
2007-12-19 00:00:00+00:00,95.765,95.82,95.735,95.785,167033.0,197696.0
2007-12-20 00:00:00+00:00,95.785,95.815,95.745,95.8,79096.0,210361.0
2007-12-21 00:00:00+00:00,95.795,95.8,95.73,95.755,72047.0,212410.0
2007-12-24 00:00:00+00:00,95.745,95.775,95.73,95.77,5330.0,212410.0
2007-12-27 00:00:00+00:00,95.75,95.765,95.71,95.725,48855.0,212806.0
2007-12-28 00:00:00+00:00,95.73,95.825,95.715,95.82,48542.0,212635.0
2007-12-31 00:00:00+00:00,95.815,95.86,95.79,95.835,9310.0,213187.0
2008-01-02 00:00:00+00:00,95.845,95.95,95.75,95.94,152788.0,212130.0
2008-01-03 00:00:00+00:00,95.94,95.99,95.925,95.985,145118.0,217474.0
2008-01-04 00:00:00+00:00,95.965,96.06,95.965,96.06,144057.0,225330.0
2008-01-07 00:00:00+00:00,96.045,96.08,96.015,96.07,142845.0,232712.0
2008-01-08 00:00:00+00:00,96.055,96.07,96.005,96.035,116480.0,231978.0
2008-01-09 00:00:00+00:00,96.05,96.125,96.03,96.09,189108.0,224427.0
2008-01-10 00:00:00+00:00,96.095,96.155,96.06,96.105,357693.0,240817.0
2008-01-11 00:00:00+00:00,96.115,96.225,96.115,96.215,237922.0,256658.0
2008-01-14 00:00:00+00:00,96.225,96.28,96.215,96.26,188224.0,260119.0
2008-01-15 00:00:00+00:00,96.27,96.305,96.22,96.29,166915.0,260119.0
2008-01-16 00:00:00+00:00,96.305,96.405,96.285,96.355,361087.0,268252.0
2008-01-17 00:00:00+00:00,96.365,96.47,96.33,96.465,330863.0,276485.0
2008-01-18 00:00:00+00:00,96.465,96.49,96.435,96.47,191167.0,281903.0
2008-01-21 00:00:00+00:00,96.475,96.57,96.475,96.535,141500.0,281903.0
2008-01-22 00:00:00+00:00,96.58,96.7,96.455,96.48,487246.0,273021.0
2008-01-23 00:00:00+00:00,96.535,96.655,96.48,96.495,465467.0,273021.0
2008-01-24 00:00:00+00:00,96.5,96.555,96.285,96.335,349428.0,296874.0
2008-01-25 00:00:00+00:00,96.32,96.385,96.21,96.375,275731.0,288958.0
2008-01-28 00:00:00+00:00,96.395,96.465,96.36,96.38,153418.0,287267.0
2008-01-29 00:00:00+00:00,96.39,96.395,96.325,96.355,203591.0,273419.0
2008-01-30 00:00:00+00:00,96.36,96.39,96.26,96.34,161794.0,274356.0
2008-01-31 00:00:00+00:00,96.395,96.5,96.36,96.425,278064.0,282226.0
2008-02-01 00:00:00+00:00,96.43,96.495,96.375,96.455,320059.0,284880.0
2008-02-04 00:00:00+00:00,96.45,96.46,96.39,96.425,90139.0,286558.0
2008-02-05 00:00:00+00:00,96.44,96.6,96.41,96.6,279073.0,298386.0
2008-02-06 00:00:00+00:00,96.61,96.63,96.515,96.56,177766.0,298478.0
2008-02-07 00:00:00+00:00,96.565,96.685,96.535,96.6,357046.0,298483.0
2008-02-08 00:00:00+00:00,96.605,96.715,96.565,96.695,319894.0,299097.0
2008-02-11 00:00:00+00:00,96.705,96.73,96.64,96.68,184718.0,296458.0
2008-02-12 00:00:00+00:00,96.675,96.715,96.595,96.67,223106.0,299366.0
2008-02-13 00:00:00+00:00,96.66,96.675,96.6,96.6,236626.0,305674.0
2008-02-14 00:00:00+00:00,96.61,96.61,96.535,96.565,195090.0,308459.0
2008-02-15 00:00:00+00:00,96.58,96.685,96.535,96.62,191791.0,306716.0
2008-02-18 00:00:00+00:00,96.62,96.635,96.535,96.545,70766.0,307490.0
2008-02-19 00:00:00+00:00,96.545,96.64,96.505,96.515,188840.0,306953.0
2008-02-20 00:00:00+00:00,96.555,96.575,96.465,96.5,212429.0,308450.0
2008-02-21 00:00:00+00:00,96.465,96.49,96.375,96.49,325450.0,300238.0
2008-02-22 00:00:00+00:00,96.475,96.535,96.44,96.465,186823.0,299298.0
2008-02-25 00:00:00+00:00,96.45,96.5,96.405,96.475,163942.0,299734.0
2008-02-26 00:00:00+00:00,96.475,96.51,96.375,96.44,252868.0,292497.0
2008-02-27 00:00:00+00:00,96.455,96.51,96.44,96.46,205397.0,297403.0
2008-02-28 00:00:00+00:00,96.49,96.62,96.465,96.61,217479.0,298749.0
2008-02-29 00:00:00+00:00,96.635,96.735,96.595,96.725,244169.0,298749.0
2008-03-03 00:00:00+00:00,96.73,96.745,96.61,96.63,193959.0,308756.0
2008-03-04 00:00:00+00:00,96.625,96.71,96.61,96.665,265945.0,301481.0
2008-03-05 00:00:00+00:00,96.67,96.69,96.595,96.63,260003.0,300144.0
2008-03-06 00:00:00+00:00,96.625,96.67,96.555,96.595,305973.0,300144.0
2008-03-07 00:00:00+00:00,96.605,96.685,96.565,96.66,381620.0,312326.0
2008-03-10 00:00:00+00:00,96.66,96.735,96.645,96.685,213184.0,326476.0
2008-03-11 00:00:00+00:00,96.67,96.685,96.53,96.545,300844.0,335937.0
2008-03-12 00:00:00+00:00,96.55,96.565,96.425,96.53,303528.0,339707.0
2008-03-13 00:00:00+00:00,96.525,96.59,96.46,96.49,236858.0,327001.0
2008-03-14 00:00:00+00:00,96.525,96.57,96.365,96.515,450906.0,328878.0
2008-03-17 00:00:00+00:00,96.565,96.65,96.54,96.59,272592.0,327149.0
2008-03-18 00:00:00+00:00,96.6,96.6,96.45,96.45,237327.0,282475.0
2008-03-19 00:00:00+00:00,96.455,96.55,96.42,96.505,280045.0,281753.0
2008-03-20 00:00:00+00:00,96.515,96.515,96.355,96.38,170879.0,279167.0
2008-03-25 00:00:00+00:00,96.28,96.335,96.19,96.22,277013.0,279167.0
2008-03-26 00:00:00+00:00,96.21,96.285,96.17,96.26,197954.0,279506.0
2008-03-27 00:00:00+00:00,96.255,96.315,96.225,96.27,144919.0,274413.0
2008-03-28 00:00:00+00:00,96.25,96.275,96.205,96.255,136852.0,271246.0
2008-03-31 00:00:00+00:00,96.26,96.28,96.23,96.24,107395.0,272378.0
2008-04-01 00:00:00+00:00,96.235,96.27,96.17,96.195,132782.0,271524.0
2008-04-02 00:00:00+00:00,96.17,96.205,96.11,96.14,174449.0,276833.0
2008-04-03 00:00:00+00:00,96.155,96.21,96.11,96.17,187525.0,281547.0
2008-04-04 00:00:00+00:00,96.175,96.23,96.16,96.21,135174.0,278412.0
2008-04-07 00:00:00+00:00,96.17,96.185,96.13,96.17,82661.0,278731.0
2008-04-08 00:00:00+00:00,96.18,96.21,96.17,96.205,117778.0,281363.0
2008-04-09 00:00:00+00:00,96.19,96.28,96.155,96.245,213487.0,265546.0
2008-04-10 00:00:00+00:00,96.25,96.315,96.225,96.25,210731.0,268725.0
2008-04-11 00:00:00+00:00,96.225,96.36,96.21,96.36,191668.0,266148.0
2008-04-14 00:00:00+00:00,96.375,96.38,96.31,96.315,183853.0,265400.0
2008-04-15 00:00:00+00:00,96.315,96.335,96.21,96.22,229038.0,264018.0
2008-04-16 00:00:00+00:00,96.205,96.24,96.065,96.085,257485.0,257092.0
2008-04-17 00:00:00+00:00,96.08,96.095,95.915,95.965,266304.0,264704.0
2008-04-18 00:00:00+00:00,95.975,95.98,95.715,95.88,351763.0,259594.0
2008-04-21 00:00:00+00:00,95.835,95.905,95.785,95.87,154331.0,256161.0
2008-04-22 00:00:00+00:00,95.905,95.905,95.77,95.845,276328.0,255979.0
2008-04-23 00:00:00+00:00,95.82,95.87,95.785,95.835,159207.0,261022.0
2008-04-24 00:00:00+00:00,95.85,95.94,95.785,95.805,251149.0,256811.0
2008-04-25 00:00:00+00:00,95.775,95.845,95.745,95.8,136529.0,253630.0
2008-04-28 00:00:00+00:00,95.82,95.88,95.8,95.83,104991.0,252810.0
2008-04-29 00:00:00+00:00,95.83,95.94,95.815,95.93,139446.0,248953.0
2008-04-30 00:00:00+00:00,95.915,95.995,95.91,95.99,148487.0,251655.0
2008-05-01 00:00:00+00:00,95.995,96.06,95.965,96.0,42123.0,251763.0
2008-05-02 00:00:00+00:00,96.01,96.035,95.865,95.905,222001.0,250617.0
2008-05-05 00:00:00+00:00,95.915,95.925,95.85,95.87,65888.0,249244.0
2008-05-06 00:00:00+00:00,95.86,95.975,95.845,95.935,185006.0,249244.0
2008-05-07 00:00:00+00:00,95.915,95.99,95.905,95.99,132638.0,250834.0
2008-05-08 00:00:00+00:00,95.995,96.08,95.97,96.07,178049.0,254534.0
2008-05-09 00:00:00+00:00,96.085,96.135,96.06,96.105,169309.0,258224.0
2008-05-12 00:00:00+00:00,96.11,96.11,96.04,96.055,136248.0,263271.0
2008-05-13 00:00:00+00:00,96.04,96.09,95.92,95.935,268123.0,270423.0
2008-05-14 00:00:00+00:00,95.925,95.925,95.82,95.835,260037.0,283967.0
2008-05-15 00:00:00+00:00,95.84,95.84,95.705,95.78,258007.0,281533.0
2008-05-16 00:00:00+00:00,95.775,95.785,95.72,95.76,186573.0,281331.0
2008-05-19 00:00:00+00:00,95.765,95.805,95.7,95.745,112700.0,282902.0
2008-05-20 00:00:00+00:00,95.75,95.77,95.69,95.74,144595.0,287315.0
2008-05-21 00:00:00+00:00,95.745,95.755,95.61,95.625,276533.0,287315.0
2008-05-22 00:00:00+00:00,95.61,95.63,95.475,95.485,231596.0,296826.0
2008-05-23 00:00:00+00:00,95.46,95.53,95.365,95.46,221175.0,296366.0
2008-05-26 00:00:00+00:00,95.46,95.465,95.435,95.445,23380.0,297071.0
2008-05-27 00:00:00+00:00,95.435,95.47,95.42,95.42,126890.0,300937.0
2008-05-28 00:00:00+00:00,95.435,95.435,95.375,95.38,162198.0,299697.0
2008-05-29 00:00:00+00:00,95.38,95.4,95.25,95.295,213134.0,291041.0
2008-05-30 00:00:00+00:00,95.31,95.33,95.26,95.27,140581.0,292517.0
2008-06-02 00:00:00+00:00,95.285,95.39,95.275,95.38,141102.0,292517.0
2008-06-03 00:00:00+00:00,95.395,95.42,95.235,95.29,226767.0,289659.0
2008-06-04 00:00:00+00:00,95.275,95.325,95.265,95.27,169070.0,291775.0
2008-06-05 00:00:00+00:00,95.275,95.28,94.97,94.99,342645.0,292528.0
2008-06-06 00:00:00+00:00,95.0,95.02,94.68,94.79,720798.0,279659.0
2008-06-09 00:00:00+00:00,94.815,94.87,94.525,94.7,439116.0,277180.0
2008-06-10 00:00:00+00:00,94.68,94.765,94.545,94.73,295823.0,282821.0
2008-06-11 00:00:00+00:00,94.72,94.94,94.68,94.805,447356.0,257502.0
2008-06-12 00:00:00+00:00,94.8,94.85,94.75,94.755,229471.0,257496.0
2008-06-13 00:00:00+00:00,94.73,94.835,94.605,94.68,303433.0,256680.0
2008-06-16 00:00:00+00:00,94.685,94.725,94.625,94.655,193172.0,251282.0
2008-06-17 00:00:00+00:00,94.665,94.905,94.66,94.875,213761.0,235640.0
2008-06-18 00:00:00+00:00,94.875,94.935,94.825,94.875,140498.0,237085.0
2008-06-19 00:00:00+00:00,94.85,94.9,94.73,94.785,180734.0,248696.0
2008-06-20 00:00:00+00:00,94.78,94.875,94.775,94.82,111276.0,250591.0
2008-06-23 00:00:00+00:00,94.835,94.955,94.82,94.87,131290.0,249024.0
2008-06-24 00:00:00+00:00,94.86,94.99,94.84,94.97,111256.0,251318.0
2008-06-25 00:00:00+00:00,94.955,94.99,94.91,94.985,137907.0,251318.0
2008-06-26 00:00:00+00:00,94.98,95.07,94.95,95.07,153440.0,255784.0
2008-06-27 00:00:00+00:00,95.075,95.16,95.04,95.07,202234.0,246550.0
2008-06-30 00:00:00+00:00,95.095,95.1,94.82,94.855,208453.0,243883.0
2008-07-01 00:00:00+00:00,94.86,94.955,94.775,94.82,229073.0,245419.0
2008-07-02 00:00:00+00:00,94.82,94.85,94.745,94.755,177659.0,241458.0
2008-07-03 00:00:00+00:00,94.76,95.04,94.63,95.02,406918.0,240415.0
2008-07-04 00:00:00+00:00,95.02,95.105,95.01,95.065,115872.0,236890.0
2008-07-07 00:00:00+00:00,95.07,95.21,95.03,95.175,152541.0,234205.0
2008-07-08 00:00:00+00:00,95.195,95.24,95.11,95.135,190488.0,232997.0
2008-07-09 00:00:00+00:00,95.15,95.175,95.03,95.175,131274.0,231020.0
2008-07-10 00:00:00+00:00,95.17,95.19,95.085,95.11,177494.0,235788.0
2008-07-11 00:00:00+00:00,95.115,95.225,95.08,95.12,174087.0,237089.0
2008-07-14 00:00:00+00:00,95.11,95.23,95.06,95.195,167054.0,243500.0
2008-07-15 00:00:00+00:00,95.22,95.31,95.19,95.23,174682.0,249593.0
2008-07-16 00:00:00+00:00,95.235,95.27,95.15,95.15,130503.0,248202.0
2008-07-17 00:00:00+00:00,95.17,95.18,95.115,95.12,146678.0,249449.0
2008-07-18 00:00:00+00:00,95.16,95.18,94.965,94.965,178833.0,250865.0
2008-07-21 00:00:00+00:00,94.955,95.025,94.83,94.88,161096.0,257621.0
2008-07-22 00:00:00+00:00,94.895,94.96,94.85,94.855,144190.0,258362.0
2008-07-23 00:00:00+00:00,94.86,94.945,94.825,94.945,134578.0,259771.0
2008-07-24 00:00:00+00:00,94.96,95.155,94.935,95.15,274145.0,264513.0
2008-07-25 00:00:00+00:00,95.15,95.2,95.09,95.12,217980.0,262297.0
2008-07-28 00:00:00+00:00,95.14,95.225,95.135,95.22,133003.0,266410.0
2008-07-29 00:00:00+00:00,95.22,95.28,95.205,95.24,157180.0,269061.0
2008-07-30 00:00:00+00:00,95.255,95.34,95.22,95.305,189957.0,269805.0
2008-07-31 00:00:00+00:00,95.32,95.405,95.255,95.4,199216.0,279857.0
2008-08-01 00:00:00+00:00,95.39,95.425,95.35,95.405,168726.0,289661.0
2008-08-04 00:00:00+00:00,95.41,95.425,95.37,95.405,108984.0,292726.0
2008-08-05 00:00:00+00:00,95.41,95.455,95.395,95.4,124367.0,298776.0
2008-08-06 00:00:00+00:00,95.41,95.475,95.37,95.435,135884.0,303586.0
2008-08-07 00:00:00+00:00,95.44,95.67,95.41,95.665,317351.0,296758.0
2008-08-08 00:00:00+00:00,95.655,95.72,95.63,95.665,217668.0,300878.0
2008-08-11 00:00:00+00:00,95.675,95.695,95.59,95.6,101376.0,297024.0
2008-08-12 00:00:00+00:00,95.615,95.705,95.615,95.69,102503.0,301662.0
2008-08-13 00:00:00+00:00,95.695,95.765,95.67,95.705,160790.0,298591.0
2008-08-14 00:00:00+00:00,95.705,95.775,95.68,95.735,152022.0,304376.0
2008-08-15 00:00:00+00:00,95.74,95.83,95.725,95.8,186639.0,314242.0
2008-08-18 00:00:00+00:00,95.8,95.87,95.755,95.825,140903.0,319759.0
2008-08-19 00:00:00+00:00,95.84,95.895,95.76,95.77,220424.0,318833.0
2008-08-20 00:00:00+00:00,95.795,95.81,95.715,95.795,176372.0,320653.0
2008-08-21 00:00:00+00:00,95.805,95.84,95.655,95.66,177745.0,326652.0
2008-08-22 00:00:00+00:00,95.665,95.68,95.545,95.57,199802.0,327607.0
2008-08-25 00:00:00+00:00,95.59,95.695,95.58,95.665,64218.0,323647.0
2008-08-26 00:00:00+00:00,95.675,95.79,95.65,95.725,221858.0,334288.0
2008-08-27 00:00:00+00:00,95.735,95.775,95.555,95.61,234788.0,335104.0
2008-08-28 00:00:00+00:00,95.6,95.635,95.445,95.52,294197.0,330603.0
2008-08-29 00:00:00+00:00,95.505,95.56,95.475,95.54,226277.0,330603.0
2008-09-01 00:00:00+00:00,95.55,95.71,95.515,95.635,135356.0,336527.0
2008-09-02 00:00:00+00:00,95.63,95.665,95.53,95.665,224907.0,337927.0
2008-09-03 00:00:00+00:00,95.655,95.73,95.6,95.625,198911.0,333900.0
2008-09-04 00:00:00+00:00,95.62,95.73,95.49,95.725,357773.0,336189.0
2008-09-05 00:00:00+00:00,95.735,95.84,95.73,95.755,282091.0,336189.0
2008-09-07 00:00:00+00:00,95.75,95.75,95.75,95.75,40.0,
2008-09-08 00:00:00+00:00,95.745,95.76,95.525,95.755,255362.0,347196.0
2008-09-09 00:00:00+00:00,95.75,95.8,95.67,95.79,226958.0,342525.0
2008-09-10 00:00:00+00:00,95.78,95.81,95.695,95.71,202430.0,346993.0
2008-09-11 00:00:00+00:00,95.715,95.79,95.695,95.71,242525.0,346611.0
2008-09-12 00:00:00+00:00,95.71,95.74,95.585,95.64,291587.0,353166.0
2008-09-15 00:00:00+00:00,95.69,95.98,95.69,95.9,385649.0,357014.0
2008-09-16 00:00:00+00:00,95.91,96.055,95.84,95.85,281703.0,238138.0
2008-09-17 00:00:00+00:00,95.835,95.88,95.735,95.875,267821.0,242143.0
2008-09-18 00:00:00+00:00,95.875,95.905,95.685,95.7,188081.0,236824.0
2008-09-19 00:00:00+00:00,95.69,95.715,95.465,95.535,178789.0,237041.0
2008-09-22 00:00:00+00:00,95.56,95.565,95.485,95.525,169067.0,230125.0
2008-09-23 00:00:00+00:00,95.54,95.595,95.49,95.565,188765.0,228214.0
2008-09-24 00:00:00+00:00,95.565,95.665,95.515,95.6,152002.0,218312.0
2008-09-25 00:00:00+00:00,95.57,95.66,95.565,95.61,118030.0,222319.0
2008-09-26 00:00:00+00:00,95.62,95.795,95.585,95.69,153338.0,224974.0
2008-09-29 00:00:00+00:00,95.715,96.045,95.695,96.015,209946.0,229500.0
2008-09-30 00:00:00+00:00,96.03,96.065,95.855,95.87,158509.0,225717.0
2008-10-01 00:00:00+00:00,95.865,96.02,95.825,95.98,205929.0,230371.0
2008-10-02 00:00:00+00:00,95.995,96.185,95.975,96.155,215319.0,239816.0
2008-10-03 00:00:00+00:00,96.165,96.285,96.1,96.23,286904.0,232194.0
2008-10-06 00:00:00+00:00,96.265,96.42,96.235,96.325,167775.0,234514.0
2008-10-07 00:00:00+00:00,96.335,96.43,96.255,96.415,211912.0,234998.0
2008-10-08 00:00:00+00:00,96.45,96.815,96.375,96.43,233611.0,232233.0
2008-10-09 00:00:00+00:00,96.415,96.525,96.25,96.385,177688.0,232054.0
2008-10-10 00:00:00+00:00,96.415,96.5,96.085,96.155,225286.0,232806.0
2008-10-13 00:00:00+00:00,96.16,96.19,95.985,96.04,129984.0,235044.0
2008-10-14 00:00:00+00:00,96.05,96.11,95.955,96.005,161428.0,235592.0
2008-10-15 00:00:00+00:00,96.005,96.13,95.985,96.125,156796.0,235251.0
2008-10-16 00:00:00+00:00,96.135,96.265,96.09,96.235,174626.0,230918.0
2008-10-17 00:00:00+00:00,96.23,96.31,96.19,96.275,134169.0,233732.0
2008-10-20 00:00:00+00:00,96.26,96.335,96.155,96.27,145180.0,237438.0
2008-10-21 00:00:00+00:00,96.295,96.44,96.26,96.405,121446.0,238304.0
2008-10-22 00:00:00+00:00,96.44,96.58,96.435,96.58,136094.0,238104.0
2008-10-23 00:00:00+00:00,96.56,96.625,96.475,96.535,134339.0,240966.0
2008-10-24 00:00:00+00:00,96.55,96.69,96.505,96.58,114796.0,241604.0
2008-10-27 00:00:00+00:00,96.59,96.685,96.585,96.65,99764.0,240471.0
2008-10-28 00:00:00+00:00,96.63,96.735,96.555,96.655,119448.0,248587.0
2008-10-29 00:00:00+00:00,96.675,96.825,96.67,96.805,131741.0,254527.0
2008-10-30 00:00:00+00:00,96.795,96.905,96.725,96.875,124687.0,262702.0
2008-10-31 00:00:00+00:00,96.885,96.97,96.745,96.79,156164.0,262702.0
2008-11-03 00:00:00+00:00,96.76,96.87,96.72,96.84,106902.0,263399.0
2008-11-04 00:00:00+00:00,96.845,96.895,96.785,96.85,95225.0,269526.0
2008-11-05 00:00:00+00:00,96.825,96.89,96.69,96.855,149114.0,269526.0
2008-11-06 00:00:00+00:00,96.855,97.02,96.775,96.87,196657.0,271102.0
2008-11-07 00:00:00+00:00,96.89,96.94,96.835,96.875,107952.0,267873.0
2008-11-10 00:00:00+00:00,96.86,96.975,96.8,96.975,96408.0,268063.0
2008-11-11 00:00:00+00:00,96.98,97.0,96.905,96.965,89050.0,266427.0
2008-11-12 00:00:00+00:00,96.965,97.11,96.94,97.105,137805.0,270984.0
2008-11-13 00:00:00+00:00,97.11,97.145,97.01,97.03,168471.0,271442.0
2008-11-14 00:00:00+00:00,97.015,97.085,96.96,97.055,114657.0,270811.0
2008-11-17 00:00:00+00:00,97.07,97.125,97.02,97.11,96327.0,274392.0
2008-11-18 00:00:00+00:00,97.1,97.145,97.06,97.115,76113.0,274897.0
2008-11-19 00:00:00+00:00,97.125,97.16,97.06,97.155,121446.0,277425.0
2008-11-20 00:00:00+00:00,97.15,97.33,97.145,97.325,142261.0,280649.0
2008-11-21 00:00:00+00:00,97.29,97.295,97.11,97.255,142647.0,282560.0
2008-11-24 00:00:00+00:00,97.225,97.24,97.055,97.06,92480.0,289323.0
2008-11-25 00:00:00+00:00,97.09,97.17,97.06,97.15,116307.0,287163.0
2008-11-26 00:00:00+00:00,97.12,97.27,97.12,97.235,127530.0,281608.0
2008-11-27 00:00:00+00:00,97.22,97.25,97.175,97.235,61561.0,280820.0
2008-11-28 00:00:00+00:00,97.235,97.31,97.18,97.205,85684.0,284075.0
2008-12-01 00:00:00+00:00,97.195,97.395,97.195,97.365,114722.0,279239.0
2008-12-02 00:00:00+00:00,97.375,97.385,97.305,97.37,142718.0,280225.0
2008-12-03 00:00:00+00:00,97.37,97.475,97.275,97.46,120169.0,280798.0
2008-12-04 00:00:00+00:00,97.46,97.61,97.215,97.305,215458.0,284137.0
2008-12-05 00:00:00+00:00,97.295,97.4,97.23,97.285,145120.0,280719.0
2008-12-08 00:00:00+00:00,97.27,97.3,97.06,97.12,134166.0,282030.0
2008-12-09 00:00:00+00:00,97.125,97.135,96.965,97.06,118066.0,283538.0
2008-12-10 00:00:00+00:00,97.04,97.125,97.005,97.05,147601.0,286064.0
2008-12-11 00:00:00+00:00,97.05,97.185,97.025,97.185,139607.0,293331.0
2008-12-12 00:00:00+00:00,97.22,97.295,97.09,97.14,176168.0,293331.0
2008-12-15 00:00:00+00:00,97.125,97.21,97.1,97.185,121987.0,288845.0
2008-12-16 00:00:00+00:00,97.04,97.25,97.03,97.225,83796.0,202881.0
2008-12-17 00:00:00+00:00,97.22,97.345,97.2,97.3,108563.0,205018.0
2008-12-18 00:00:00+00:00,97.3,97.38,97.24,97.28,103458.0,205533.0
2008-12-19 00:00:00+00:00,97.295,97.305,97.145,97.155,58357.0,206590.0
2008-12-22 00:00:00+00:00,97.17,97.305,97.145,97.285,44734.0,208092.0
2008-12-23 00:00:00+00:00,97.285,97.315,97.22,97.25,44152.0,208348.0
2008-12-24 00:00:00+00:00,97.24,97.255,97.2,97.24,5182.0,208762.0
2008-12-29 00:00:00+00:00,97.25,97.35,97.225,97.335,43542.0,211482.0
2008-12-30 00:00:00+00:00,97.345,97.345,97.22,97.255,45859.0,210628.0
2008-12-31 00:00:00+00:00,97.3,97.385,97.29,97.325,6843.0,210783.0
2009-01-02 00:00:00+00:00,97.295,97.4,97.215,97.32,83443.0,214535.0
2009-01-05 00:00:00+00:00,97.325,97.38,97.26,97.32,95917.0,216525.0
2009-01-06 00:00:00+00:00,97.325,97.375,97.21,97.27,133554.0,218460.0
2009-01-07 00:00:00+00:00,97.28,97.455,97.265,97.435,212600.0,227970.0
2009-01-08 00:00:00+00:00,97.425,97.545,97.38,97.48,186529.0,227970.0
2009-01-09 00:00:00+00:00,97.495,97.665,97.49,97.565,200127.0,229052.0
2009-01-12 00:00:00+00:00,97.575,97.63,97.535,97.62,118787.0,233405.0
2009-01-13 00:00:00+00:00,97.62,97.715,97.605,97.685,169903.0,236854.0
2009-01-14 00:00:00+00:00,97.665,97.715,97.61,97.685,158544.0,246436.0
2009-01-15 00:00:00+00:00,97.7,97.74,97.56,97.575,217267.0,243118.0
2009-01-16 00:00:00+00:00,97.55,97.705,97.515,97.685,129853.0,239793.0
2009-01-19 00:00:00+00:00,97.665,97.685,97.57,97.635,106450.0,238940.0
2009-01-20 00:00:00+00:00,97.65,97.7,97.615,97.7,120123.0,240291.0
2009-01-21 00:00:00+00:00,97.69,97.77,97.67,97.72,131680.0,238785.0
2009-01-22 00:00:00+00:00,97.71,97.81,97.675,97.74,152965.0,242895.0
2009-01-23 00:00:00+00:00,97.74,97.825,97.7,97.73,159291.0,245858.0
2009-01-26 00:00:00+00:00,97.755,97.755,97.495,97.555,185848.0,247133.0
2009-01-27 00:00:00+00:00,97.555,97.58,97.425,97.55,202914.0,241514.0
2009-01-28 00:00:00+00:00,97.545,97.64,97.52,97.57,133223.0,242382.0
2009-01-29 00:00:00+00:00,97.55,97.675,97.54,97.615,159203.0,241541.0
2009-01-30 00:00:00+00:00,97.615,97.735,97.6,97.685,177164.0,239998.0
2009-02-02 00:00:00+00:00,97.695,97.765,97.66,97.685,103221.0,240167.0
2009-02-03 00:00:00+00:00,97.68,97.76,97.675,97.695,134083.0,243709.0
2009-02-04 00:00:00+00:00,97.695,97.81,97.65,97.79,150745.0,243619.0
2009-02-05 00:00:00+00:00,97.785,97.83,97.7,97.815,181279.0,253179.0
2009-02-06 00:00:00+00:00,97.815,97.86,97.775,97.825,132300.0,257043.0
2009-02-09 00:00:00+00:00,97.82,97.86,97.52,97.805,109144.0,261711.0
2009-02-10 00:00:00+00:00,97.815,97.855,97.72,97.785,151167.0,266226.0
2009-02-11 00:00:00+00:00,97.785,97.89,97.785,97.88,141258.0,269229.0
2009-02-12 00:00:00+00:00,97.88,97.95,97.87,97.935,150106.0,276762.0
2009-02-13 00:00:00+00:00,97.925,97.95,97.9,97.92,98818.0,277788.0
2009-02-16 00:00:00+00:00,97.92,97.985,97.92,97.97,53660.0,279050.0
2009-02-17 00:00:00+00:00,97.98,98.055,97.98,98.05,143111.0,278078.0
2009-02-18 00:00:00+00:00,98.04,98.055,97.965,97.97,117833.0,279738.0
2009-02-19 00:00:00+00:00,97.965,97.99,97.84,97.87,182142.0,281953.0
2009-02-20 00:00:00+00:00,97.87,98.005,97.87,97.97,184104.0,280740.0
2009-02-23 00:00:00+00:00,97.955,97.97,97.88,97.96,79645.0,278562.0
2009-02-24 00:00:00+00:00,97.97,98.02,97.935,97.97,99203.0,280745.0
2009-02-25 00:00:00+00:00,97.975,98.035,97.945,97.98,116989.0,277754.0
2009-02-26 00:00:00+00:00,97.99,98.0,97.915,97.935,148672.0,279474.0
2009-02-27 00:00:00+00:00,97.935,98.01,97.93,97.955,116750.0,279432.0
2009-03-02 00:00:00+00:00,97.96,98.06,97.95,98.055,145317.0,290849.0
2009-03-03 00:00:00+00:00,98.055,98.105,98.015,98.09,184654.0,297106.0
2009-03-04 00:00:00+00:00,98.085,98.11,98.065,98.08,118906.0,296387.0
2009-03-05 00:00:00+00:00,98.095,98.215,98.07,98.135,223342.0,292733.0
2009-03-06 00:00:00+00:00,98.125,98.21,98.125,98.13,225811.0,290564.0
2009-03-09 00:00:00+00:00,98.14,98.16,98.05,98.075,173403.0,293819.0
2009-03-10 00:00:00+00:00,98.06,98.12,98.015,98.03,217594.0,298117.0
2009-03-11 00:00:00+00:00,98.03,98.04,97.975,98.01,117303.0,301608.0
2009-03-12 00:00:00+00:00,97.99,98.085,97.99,98.05,182244.0,310370.0
2009-03-13 00:00:00+00:00,98.04,98.065,98.0,98.04,159213.0,312842.0
2009-03-16 00:00:00+00:00,98.05,98.065,97.99,98.045,170371.0,314006.0
2009-03-17 00:00:00+00:00,97.855,97.89,97.805,97.805,110565.0,202321.0
2009-03-18 00:00:00+00:00,97.825,97.985,97.78,97.98,157359.0,201635.0
2009-03-19 00:00:00+00:00,97.97,97.99,97.855,97.87,168952.0,200747.0
2009-03-20 00:00:00+00:00,97.875,97.985,97.87,97.965,138793.0,200747.0
2009-03-23 00:00:00+00:00,97.97,97.98,97.91,97.915,118915.0,200747.0
2009-03-24 00:00:00+00:00,97.91,97.92,97.845,97.895,153877.0,215612.0
2009-03-25 00:00:00+00:00,97.89,97.905,97.83,97.84,145598.0,216305.0
2009-03-26 00:00:00+00:00,97.835,97.86,97.76,97.85,202963.0,213493.0
2009-03-27 00:00:00+00:00,97.855,97.97,97.855,97.945,185022.0,212595.0
2009-03-30 00:00:00+00:00,97.97,98.055,97.95,98.055,155506.0,215758.0
2009-03-31 00:00:00+00:00,98.05,98.085,98.035,98.085,140355.0,220506.0
2009-04-01 00:00:00+00:00,98.08,98.16,98.08,98.15,180178.0,229406.0
2009-04-02 00:00:00+00:00,98.15,98.155,97.89,97.91,351160.0,235462.0
2009-04-03 00:00:00+00:00,97.89,97.89,97.625,97.66,300394.0,259499.0
2009-04-06 00:00:00+00:00,97.675,97.745,97.635,97.74,235704.0,241476.0
2009-04-07 00:00:00+00:00,97.745,97.83,97.705,97.81,165585.0,239054.0
2009-04-08 00:00:00+00:00,97.825,97.895,97.825,97.84,122350.0,242065.0
2009-04-09 00:00:00+00:00,97.835,97.89,97.805,97.865,107674.0,241716.0
2009-04-14 00:00:00+00:00,97.875,97.945,97.84,97.925,113262.0,246422.0
2009-04-15 00:00:00+00:00,97.93,97.99,97.91,97.94,183413.0,256561.0
2009-04-16 00:00:00+00:00,97.94,97.975,97.905,97.935,136023.0,257460.0
2009-04-17 00:00:00+00:00,97.945,97.955,97.825,97.835,167856.0,259666.0
2009-04-20 00:00:00+00:00,97.85,97.955,97.835,97.94,158179.0,260183.0
2009-04-21 00:00:00+00:00,97.94,97.98,97.88,97.895,208196.0,266339.0
2009-04-22 00:00:00+00:00,97.915,97.925,97.84,97.86,202391.0,267955.0
2009-04-23 00:00:00+00:00,97.87,97.905,97.83,97.89,148974.0,269004.0
2009-04-24 00:00:00+00:00,97.895,97.965,97.885,97.955,168088.0,280821.0
2009-04-27 00:00:00+00:00,97.97,98.055,97.965,98.005,152202.0,284556.0
2009-04-28 00:00:00+00:00,98.02,98.09,98.015,98.05,198159.0,291052.0
2009-04-29 00:00:00+00:00,98.055,98.12,98.035,98.11,185921.0,292368.0
2009-04-30 00:00:00+00:00,98.11,98.145,98.035,98.14,194654.0,295207.0
2009-05-01 00:00:00+00:00,98.15,98.155,98.095,98.125,34151.0,298927.0
2009-05-04 00:00:00+00:00,98.115,98.135,98.065,98.07,55932.0,300453.0
2009-05-05 00:00:00+00:00,98.08,98.125,98.055,98.075,105116.0,300060.0
2009-05-06 00:00:00+00:00,98.1,98.155,98.045,98.155,173408.0,302416.0
2009-05-07 00:00:00+00:00,98.145,98.15,98.005,98.13,349168.0,304057.0
2009-05-08 00:00:00+00:00,98.125,98.19,98.105,98.185,226203.0,301616.0
2009-05-11 00:00:00+00:00,98.18,98.215,98.15,98.19,143211.0,303375.0
2009-05-12 00:00:00+00:00,98.18,98.185,98.1,98.165,159811.0,301947.0
2009-05-13 00:00:00+00:00,98.155,98.27,98.14,98.265,155554.0,296060.0
2009-05-14 00:00:00+00:00,98.27,98.3,98.25,98.285,158167.0,299269.0
2009-05-15 00:00:00+00:00,98.275,98.315,98.27,98.3,136895.0,303666.0
2009-05-18 00:00:00+00:00,98.315,98.37,98.295,98.34,143483.0,305657.0
2009-05-19 00:00:00+00:00,98.33,98.34,98.255,98.28,187600.0,313547.0
2009-05-20 00:00:00+00:00,98.295,98.3,98.205,98.24,177039.0,328055.0
2009-05-21 00:00:00+00:00,98.235,98.34,98.225,98.25,172435.0,316409.0
2009-05-22 00:00:00+00:00,98.25,98.28,98.195,98.215,118926.0,317302.0
2009-05-25 00:00:00+00:00,98.23,98.24,98.14,98.15,45358.0,318217.0
2009-05-26 00:00:00+00:00,98.15,98.215,98.125,98.125,123020.0,317442.0
2009-05-27 00:00:00+00:00,98.135,98.135,98.1,98.11,179980.0,306928.0
2009-05-28 00:00:00+00:00,98.11,98.165,98.08,98.155,226476.0,306601.0
2009-05-29 00:00:00+00:00,98.155,98.25,98.15,98.235,193124.0,310001.0
2009-06-01 00:00:00+00:00,98.23,98.245,98.145,98.15,112221.0,313645.0
2009-06-02 00:00:00+00:00,98.165,98.255,98.15,98.235,156512.0,311894.0
2009-06-03 00:00:00+00:00,98.24,98.285,98.215,98.265,133176.0,312096.0
2009-06-04 00:00:00+00:00,98.26,98.27,97.995,98.025,344192.0,304135.0
2009-06-05 00:00:00+00:00,98.025,98.05,97.82,97.825,516458.0,290486.0
2009-06-08 00:00:00+00:00,97.82,97.825,97.64,97.645,450793.0,267762.0
2009-06-09 00:00:00+00:00,97.67,97.815,97.66,97.79,295027.0,260616.0
2009-06-10 00:00:00+00:00,97.775,97.795,97.72,97.75,207019.0,264545.0
2009-06-11 00:00:00+00:00,97.755,97.765,97.64,97.74,349850.0,277816.0
2009-06-12 00:00:00+00:00,97.735,97.805,97.735,97.77,210200.0,285417.0
2009-06-15 00:00:00+00:00,97.79,97.89,97.79,97.86,172254.0,277709.0
2009-06-16 00:00:00+00:00,97.865,97.88,97.49,97.565,149667.0,219968.0
2009-06-17 00:00:00+00:00,97.56,97.635,97.54,97.615,171029.0,231697.0
2009-06-18 00:00:00+00:00,97.61,97.695,97.53,97.56,243350.0,244934.0
2009-06-19 00:00:00+00:00,97.575,97.7,97.555,97.69,164580.0,248330.0
2009-06-22 00:00:00+00:00,97.685,97.735,97.67,97.7,127946.0,247696.0
2009-06-23 00:00:00+00:00,97.705,97.755,97.63,97.66,226807.0,246312.0
2009-06-24 00:00:00+00:00,97.65,97.755,97.65,97.72,185099.0,253263.0
2009-06-25 00:00:00+00:00,97.725,97.845,97.695,97.845,153809.0,253263.0
2009-06-26 00:00:00+00:00,97.835,97.84,97.71,97.79,138904.0,268265.0
2009-06-29 00:00:00+00:00,97.795,97.805,97.72,97.755,101953.0,262899.0
2009-06-30 00:00:00+00:00,97.76,97.765,97.68,97.75,135819.0,263207.0
2009-07-01 00:00:00+00:00,97.755,97.78,97.745,97.775,100786.0,262412.0
2009-07-02 00:00:00+00:00,97.765,97.96,97.76,97.93,192830.0,260777.0
2009-07-03 00:00:00+00:00,97.955,97.975,97.91,97.94,82100.0,259369.0
2009-07-06 00:00:00+00:00,97.97,98.01,97.96,97.98,114353.0,252505.0
2009-07-07 00:00:00+00:00,97.97,98.005,97.945,98.0,129527.0,257636.0
2009-07-08 00:00:00+00:00,98.01,98.03,97.96,98.005,141937.0,257945.0
2009-07-09 00:00:00+00:00,98.0,98.01,97.93,97.945,141435.0,260744.0
2009-07-10 00:00:00+00:00,97.955,97.975,97.925,97.94,97044.0,260882.0
2009-07-13 00:00:00+00:00,97.96,97.975,97.91,97.915,83439.0,260109.0
2009-07-14 00:00:00+00:00,97.915,97.92,97.83,97.86,171720.0,268810.0
2009-07-15 00:00:00+00:00,97.86,97.865,97.78,97.785,153479.0,265678.0
2009-07-16 00:00:00+00:00,97.795,97.915,97.79,97.895,137457.0,265015.0
2009-07-17 00:00:00+00:00,97.89,97.9,97.825,97.845,109598.0,265011.0
2009-07-20 00:00:00+00:00,97.825,97.85,97.73,97.845,158943.0,262442.0
2009-07-21 00:00:00+00:00,97.845,97.92,97.79,97.9,169912.0,270725.0
2009-07-22 00:00:00+00:00,97.88,97.93,97.865,97.89,107134.0,272527.0
2009-07-23 00:00:00+00:00,97.89,97.925,97.78,97.785,153702.0,274533.0
2009-07-24 00:00:00+00:00,97.82,97.825,97.74,97.805,133625.0,273138.0
2009-07-27 00:00:00+00:00,97.79,97.8,97.71,97.73,128337.0,271138.0
2009-07-28 00:00:00+00:00,97.74,97.79,97.665,97.735,168611.0,266286.0
2009-07-29 00:00:00+00:00,97.74,97.785,97.705,97.76,120143.0,263306.0
2009-07-30 00:00:00+00:00,97.755,97.785,97.715,97.78,129104.0,261415.0
2009-07-31 00:00:00+00:00,97.775,97.905,97.755,97.9,169188.0,262591.0
2009-08-03 00:00:00+00:00,97.9,97.915,97.695,97.7,175253.0,262591.0
2009-08-04 00:00:00+00:00,97.71,97.755,97.625,97.645,214654.0,253628.0
2009-08-05 00:00:00+00:00,97.65,97.66,97.53,97.595,259228.0,244554.0
2009-08-06 00:00:00+00:00,97.61,97.67,97.535,97.585,178584.0,243854.0
2009-08-07 00:00:00+00:00,97.595,97.6,97.37,97.41,208360.0,239689.0
2009-08-10 00:00:00+00:00,97.4,97.49,97.35,97.48,170479.0,234047.0
2009-08-11 00:00:00+00:00,97.48,97.565,97.42,97.555,175732.0,235117.0
2009-08-12 00:00:00+00:00,97.57,97.64,97.55,97.58,161124.0,233501.0
2009-08-13 00:00:00+00:00,97.565,97.7,97.54,97.695,212106.0,236882.0
2009-08-14 00:00:00+00:00,97.7,97.785,97.665,97.76,194022.0,236850.0
2009-08-17 00:00:00+00:00,97.77,97.82,97.75,97.76,139817.0,243132.0
2009-08-18 00:00:00+00:00,97.745,97.795,97.7,97.765,152507.0,241603.0
2009-08-19 00:00:00+00:00,97.785,97.86,97.78,97.805,127790.0,245778.0
2009-08-20 00:00:00+00:00,97.805,97.85,97.77,97.835,106324.0,247128.0
2009-08-21 00:00:00+00:00,97.845,97.87,97.68,97.69,166887.0,242699.0
2009-08-24 00:00:00+00:00,97.67,97.785,97.66,97.78,147215.0,249506.0
2009-08-25 00:00:00+00:00,97.785,97.805,97.765,97.8,158076.0,253662.0
2009-08-26 00:00:00+00:00,97.795,97.85,97.75,97.845,151433.0,257957.0
2009-08-27 00:00:00+00:00,97.855,97.885,97.82,97.88,112044.0,259010.0
2009-08-28 00:00:00+00:00,97.87,97.89,97.82,97.865,120438.0,260907.0
2009-08-31 00:00:00+00:00,97.875,97.935,97.86,97.93,104649.0,271673.0
2009-09-01 00:00:00+00:00,97.92,98.02,97.9,98.0,218859.0,275244.0
2009-09-02 00:00:00+00:00,98.0,98.02,97.97,98.01,177839.0,274308.0
2009-09-03 00:00:00+00:00,98.005,98.04,97.945,98.02,218441.0,278264.0
2009-09-04 00:00:00+00:00,98.015,98.05,97.985,98.03,203375.0,287665.0
2009-09-07 00:00:00+00:00,98.045,98.09,98.025,98.075,105159.0,292285.0
2009-09-08 00:00:00+00:00,98.085,98.105,98.055,98.095,154155.0,296722.0
2009-09-09 00:00:00+00:00,98.095,98.135,98.025,98.05,233928.0,301574.0
2009-09-10 00:00:00+00:00,98.055,98.16,98.05,98.14,162424.0,301741.0
2009-09-11 00:00:00+00:00,98.135,98.19,98.125,98.165,213407.0,311071.0
2009-09-14 00:00:00+00:00,98.185,98.185,98.125,98.135,127301.0,319011.0
2009-09-15 00:00:00+00:00,97.82,97.83,97.75,97.795,164962.0,195477.0
2009-09-16 00:00:00+00:00,97.805,97.86,97.745,97.765,174434.0,201912.0
2009-09-17 00:00:00+00:00,97.77,97.78,97.71,97.77,130069.0,200492.0
2009-09-18 00:00:00+00:00,97.77,97.815,97.72,97.73,82754.0,196766.0
2009-09-21 00:00:00+00:00,97.745,97.79,97.695,97.75,113718.0,194620.0
2009-09-22 00:00:00+00:00,97.755,97.78,97.7,97.77,123134.0,192562.0
2009-09-23 00:00:00+00:00,97.77,97.85,97.72,97.85,111956.0,189709.0
2009-09-24 00:00:00+00:00,97.845,97.92,97.84,97.89,175553.0,187938.0
2009-09-25 00:00:00+00:00,97.89,97.91,97.845,97.88,158912.0,193201.0
2009-09-28 00:00:00+00:00,97.89,97.915,97.87,97.885,96808.0,193929.0
2009-09-29 00:00:00+00:00,97.88,97.89,97.785,97.85,153641.0,196674.0
2009-09-30 00:00:00+00:00,97.84,97.865,97.76,97.845,194852.0,197430.0
2009-10-01 00:00:00+00:00,97.85,97.95,97.8,97.935,181896.0,206669.0
2009-10-02 00:00:00+00:00,97.945,97.965,97.9,97.92,176315.0,212262.0
2009-10-05 00:00:00+00:00,97.925,97.96,97.915,97.92,84123.0,215488.0
2009-10-06 00:00:00+00:00,97.915,97.925,97.88,97.91,83434.0,216234.0
2009-10-07 00:00:00+00:00,97.915,97.95,97.905,97.93,142337.0,224091.0
2009-10-08 00:00:00+00:00,97.915,97.95,97.88,97.91,146301.0,224429.0
2009-10-09 00:00:00+00:00,97.9,97.9,97.74,97.775,270450.0,218189.0
2009-10-12 00:00:00+00:00,97.74,97.83,97.715,97.815,133914.0,213441.0
2009-10-13 00:00:00+00:00,97.81,97.885,97.775,97.87,117398.0,210343.0
2009-10-14 00:00:00+00:00,97.855,97.86,97.785,97.8,145055.0,206824.0
2009-10-15 00:00:00+00:00,97.795,97.8,97.66,97.69,227837.0,202899.0
2009-10-16 00:00:00+00:00,97.68,97.72,97.655,97.695,213780.0,191453.0
2009-10-19 00:00:00+00:00,97.695,97.705,97.635,97.695,117132.0,191330.0
2009-10-20 00:00:00+00:00,97.685,97.765,97.655,97.76,156690.0,186766.0
2009-10-21 00:00:00+00:00,97.755,97.755,97.655,97.68,279619.0,199106.0
2009-10-22 00:00:00+00:00,97.69,97.715,97.66,97.69,138441.0,192729.0
2009-10-23 00:00:00+00:00,97.685,97.685,97.62,97.655,135047.0,193137.0
2009-10-26 00:00:00+00:00,97.66,97.695,97.635,97.665,101228.0,188368.0
2009-10-27 00:00:00+00:00,97.675,97.795,97.66,97.79,159116.0,190420.0
2009-10-28 00:00:00+00:00,97.78,97.83,97.77,97.82,154105.0,201476.0
2009-10-29 00:00:00+00:00,97.82,97.83,97.695,97.71,219849.0,203275.0
2009-10-30 00:00:00+00:00,97.735,97.82,97.715,97.8,153343.0,202059.0
2009-11-02 00:00:00+00:00,97.79,97.82,97.765,97.785,113448.0,208628.0
2009-11-03 00:00:00+00:00,97.785,97.865,97.765,97.775,139152.0,210617.0
2009-11-04 00:00:00+00:00,97.775,97.785,97.73,97.76,139314.0,207800.0
2009-11-05 00:00:00+00:00,97.765,97.81,97.665,97.75,261912.0,212460.0
2009-11-06 00:00:00+00:00,97.74,97.79,97.725,97.78,174223.0,200133.0
2009-11-09 00:00:00+00:00,97.775,97.87,97.775,97.86,189931.0,207058.0
2009-11-10 00:00:00+00:00,97.87,97.91,97.855,97.865,152399.0,208230.0
2009-11-11 00:00:00+00:00,97.865,97.91,97.85,97.895,112485.0,207459.0
2009-11-12 00:00:00+00:00,97.895,97.935,97.87,97.925,167139.0,202497.0
2009-11-13 00:00:00+00:00,97.92,97.96,97.905,97.945,141652.0,203868.0
2009-11-16 00:00:00+00:00,97.95,98.03,97.935,98.025,196434.0,209929.0
2009-11-17 00:00:00+00:00,98.01,98.03,97.97,98.01,138622.0,208056.0
2009-11-18 00:00:00+00:00,98.01,98.025,97.985,98.015,102896.0,210364.0
2009-11-19 00:00:00+00:00,98.02,98.05,97.985,98.05,110775.0,211449.0
2009-11-20 00:00:00+00:00,98.055,98.065,97.97,97.99,210148.0,217712.0
2009-11-23 00:00:00+00:00,97.99,98.005,97.905,97.94,170776.0,220534.0
2009-11-24 00:00:00+00:00,97.965,97.99,97.925,97.985,150522.0,228842.0
2009-11-25 00:00:00+00:00,97.985,97.985,97.885,97.92,119770.0,227345.0
2009-11-26 00:00:00+00:00,97.94,98.04,97.915,98.03,167674.0,223905.0
2009-11-27 00:00:00+00:00,98.04,98.15,97.99,98.02,268972.0,228818.0
2009-11-30 00:00:00+00:00,98.01,98.045,97.995,98.03,120594.0,228153.0
2009-12-01 00:00:00+00:00,98.045,98.095,98.0,98.06,123485.0,232398.0
2009-12-02 00:00:00+00:00,98.06,98.09,98.03,98.035,175797.0,227814.0
2009-12-03 00:00:00+00:00,98.025,98.04,97.915,97.975,426437.0,234261.0
2009-12-04 00:00:00+00:00,97.97,98.01,97.85,97.87,306744.0,233507.0
2009-12-07 00:00:00+00:00,97.865,97.925,97.835,97.91,185732.0,234404.0
2009-12-08 00:00:00+00:00,97.91,98.04,97.905,98.015,242711.0,237692.0
2009-12-09 00:00:00+00:00,98.015,98.06,97.985,98.045,154331.0,240803.0
2009-12-10 00:00:00+00:00,98.04,98.065,97.99,98.015,204880.0,233346.0
2009-12-11 00:00:00+00:00,98.0,98.005,97.96,97.99,130802.0,235422.0
2009-12-14 00:00:00+00:00,98.005,98.04,97.97,98.015,122142.0,235081.0
2009-12-15 00:00:00+00:00,97.785,97.825,97.755,97.78,101710.0,208380.0
2009-12-16 00:00:00+00:00,97.79,97.86,97.77,97.84,128911.0,210375.0
2009-12-17 00:00:00+00:00,97.855,97.93,97.835,97.92,111157.0,215587.0
2009-12-18 00:00:00+00:00,97.915,97.955,97.9,97.945,100359.0,218816.0
2009-12-21 00:00:00+00:00,97.95,97.95,97.88,97.89,68854.0,217212.0
2009-12-22 00:00:00+00:00,97.88,97.9,97.86,97.885,61479.0,220645.0
2009-12-23 00:00:00+00:00,97.87,97.92,97.85,97.87,86466.0,225667.0
2009-12-24 00:00:00+00:00,97.865,97.87,97.8,97.81,14922.0,227308.0
2009-12-28 00:00:00+00:00,97.805,97.82,97.79,97.8,20371.0,223985.0
2009-12-29 00:00:00+00:00,97.79,97.8,97.735,97.75,89311.0,224643.0
2009-12-30 00:00:00+00:00,97.755,97.765,97.67,97.685,109001.0,217922.0
2009-12-31 00:00:00+00:00,97.68,97.69,97.62,97.625,31388.0,219654.0
