Date-Time,Open,High,Low,Close,Volume
2006-01-02T00:00:00Z,96.825,96.825,96.765,96.78,3936.0
2006-01-03T00:00:00Z,96.8,96.8,96.755,96.79,10270.0
2006-01-04T00:00:00Z,96.835,96.945,96.74,96.92,10189.0
2006-01-05T00:00:00Z,96.94,96.945,96.86,96.91,8196.0
2006-01-06T00:00:00Z,96.93,96.93,96.89,96.92,7322.0
2006-01-09T00:00:00Z,96.895,96.915,96.875,96.875,7867.0
2006-01-10T00:00:00Z,96.895,96.9,96.84,96.84,11040.0
2006-01-11T00:00:00Z,96.83,96.835,96.8,96.805,6694.0
2006-01-12T00:00:00Z,96.81,96.86,96.795,96.84,7112.0
2006-01-13T00:00:00Z,96.855,96.855,96.83,96.85,4377.0
2006-01-16T00:00:00Z,96.85,96.86,96.845,96.85,4778.0
2006-01-17T00:00:00Z,96.845,96.885,96.845,96.88,8917.0
2006-01-18T00:00:00Z,96.885,96.92,96.82,96.835,13088.0
2006-01-19T00:00:00Z,96.845,96.845,96.76,96.76,7653.0
2006-01-20T00:00:00Z,96.735,96.795,96.735,96.77,8593.0
2006-01-23T00:00:00Z,96.75,96.78,96.71,96.73,7759.0
2006-01-24T00:00:00Z,96.72,96.755,96.715,96.725,12022.0
2006-01-25T00:00:00Z,96.71,96.725,96.675,96.685,12071.0
2006-01-26T00:00:00Z,96.685,96.715,96.655,96.66,14836.0
2006-01-27T00:00:00Z,96.635,96.685,96.62,96.635,9346.0
2006-01-30T00:00:00Z,96.63,96.64,96.595,96.63,22830.0
2006-01-31T00:00:00Z,96.615,96.645,96.615,96.635,10217.0
2006-02-01T00:00:00Z,96.63,96.67,96.595,96.6,13936.0
2006-02-02T00:00:00Z,96.6,96.63,96.59,96.61,8899.0
2006-02-03T00:00:00Z,96.595,96.655,96.59,96.645,9075.0
2006-02-06T00:00:00Z,96.635,96.66,96.635,96.645,4256.0
2006-02-07T00:00:00Z,96.64,96.68,96.62,96.635,16439.0
2006-02-08T00:00:00Z,96.635,96.67,96.625,96.625,17882.0
2006-02-09T00:00:00Z,96.635,96.68,96.605,96.67,23437.0
2006-02-10T00:00:00Z,96.655,96.72,96.65,96.66,15172.0
2006-02-13T00:00:00Z,96.675,96.675,96.645,96.665,5483.0
2006-02-14T00:00:00Z,96.66,96.685,96.645,96.655,14391.0
2006-02-15T00:00:00Z,96.67,96.69,96.63,96.65,29631.0
2006-02-16T00:00:00Z,96.66,96.66,96.62,96.64,10457.0
2006-02-17T00:00:00Z,96.65,96.705,96.65,96.695,21637.0
2006-02-20T00:00:00Z,96.7,96.725,96.7,96.72,4379.0
2006-02-21T00:00:00Z,96.72,96.75,96.69,96.7,9854.0
2006-02-22T00:00:00Z,96.705,96.71,96.66,96.7,12234.0
2006-02-23T00:00:00Z,96.7,96.7,96.625,96.63,25462.0
2006-02-24T00:00:00Z,96.61,96.655,96.61,96.615,17802.0
2006-02-27T00:00:00Z,96.6,96.605,96.555,96.565,30251.0
2006-02-28T00:00:00Z,96.56,96.6,96.555,96.585,23736.0
2006-03-01T00:00:00Z,96.6,96.6,96.57,96.58,16051.0
2006-03-02T00:00:00Z,96.57,96.605,96.5,96.505,27856.0
2006-03-03T00:00:00Z,96.51,96.51,96.46,96.47,27666.0
2006-03-06T00:00:00Z,96.46,96.485,96.46,96.46,18757.0
2006-03-07T00:00:00Z,96.445,96.46,96.42,96.44,30552.0
2006-03-08T00:00:00Z,96.44,96.47,96.42,96.425,26464.0
2006-03-09T00:00:00Z,96.425,96.455,96.42,96.445,43997.0
2006-03-10T00:00:00Z,96.44,96.45,96.385,96.4,32553.0
2006-03-13T00:00:00Z,96.39,96.39,96.345,96.375,29741.0
2006-03-14T00:00:00Z,96.345,96.425,96.345,96.405,23287.0
2006-03-15T00:00:00Z,96.415,96.425,96.345,96.36,9391.0
2006-03-16T00:00:00Z,96.35,96.4,96.32,96.4,17012.0
2006-03-17T00:00:00Z,96.39,96.415,96.34,96.35,11655.0
2006-03-20T00:00:00Z,96.345,96.385,96.345,96.375,5570.0
2006-03-21T00:00:00Z,96.36,96.4,96.35,96.37,21174.0
2006-03-22T00:00:00Z,96.375,96.415,96.37,96.4,10311.0
2006-03-23T00:00:00Z,96.39,96.435,96.37,96.385,6115.0
2006-03-24T00:00:00Z,96.385,96.435,96.375,96.425,6106.0
2006-03-27T00:00:00Z,96.435,96.455,96.43,96.44,7419.0
2006-03-28T00:00:00Z,96.43,96.435,96.325,96.335,28350.0
2006-03-29T00:00:00Z,96.305,96.315,96.28,96.285,12034.0
2006-03-30T00:00:00Z,96.285,96.3,96.235,96.235,15118.0
2006-03-31T00:00:00Z,96.26,96.27,96.225,96.23,9339.0
2006-04-03T00:00:00Z,96.235,96.24,96.18,96.205,10249.0
2006-04-04T00:00:00Z,96.21,96.24,96.185,96.19,10063.0
2006-04-05T00:00:00Z,96.205,96.23,96.2,96.22,11753.0
2006-04-06T00:00:00Z,96.22,96.29,96.175,96.21,23059.0
2006-04-07T00:00:00Z,96.215,96.27,96.195,96.23,23104.0
2006-04-10T00:00:00Z,96.22,96.235,96.18,96.19,12415.0
2006-04-11T00:00:00Z,96.195,96.215,96.195,96.205,24200.0
2006-04-12T00:00:00Z,96.22,96.225,96.165,96.165,28107.0
2006-04-13T00:00:00Z,96.175,96.18,96.095,96.1,19943.0
2006-04-18T00:00:00Z,96.13,96.145,96.115,96.145,8084.0
2006-04-19T00:00:00Z,96.15,96.185,96.11,96.13,20463.0
2006-04-20T00:00:00Z,96.14,96.155,96.12,96.145,14491.0
2006-04-21T00:00:00Z,96.155,96.19,96.125,96.135,13288.0
2006-04-24T00:00:00Z,96.135,96.195,96.13,96.15,10899.0
2006-04-25T00:00:00Z,96.14,96.16,96.045,96.045,25731.0
2006-04-26T00:00:00Z,96.06,96.07,96.035,96.055,16586.0
2006-04-27T00:00:00Z,96.065,96.1,95.99,96.09,11393.0
2006-04-28T00:00:00Z,96.09,96.125,96.045,96.11,18555.0
2006-05-02T00:00:00Z,96.07,96.1,96.055,96.075,8403.0
2006-05-03T00:00:00Z,96.09,96.1,96.065,96.085,19595.0
2006-05-04T00:00:00Z,96.085,96.095,96.03,96.05,11639.0
2006-05-05T00:00:00Z,96.065,96.105,96.03,96.085,8462.0
2006-05-08T00:00:00Z,96.08,96.11,96.055,96.065,9237.0
2006-05-09T00:00:00Z,96.065,96.07,96.045,96.065,9202.0
2006-05-10T00:00:00Z,96.055,96.12,96.045,96.08,14697.0
2006-05-11T00:00:00Z,96.085,96.085,96.02,96.035,10416.0
2006-05-12T00:00:00Z,96.035,96.085,95.995,96.05,21165.0
2006-05-15T00:00:00Z,96.04,96.15,96.035,96.14,21542.0
2006-05-16T00:00:00Z,96.14,96.2,96.125,96.19,29031.0
2006-05-17T00:00:00Z,96.19,96.195,96.11,96.135,17430.0
2006-05-18T00:00:00Z,96.14,96.205,96.14,96.19,23528.0
2006-05-19T00:00:00Z,96.205,96.225,96.155,96.185,22861.0
2006-05-22T00:00:00Z,96.205,96.295,96.2,96.275,24285.0
2006-05-23T00:00:00Z,96.27,96.27,96.235,96.255,10787.0
2006-05-24T00:00:00Z,96.275,96.31,96.235,96.285,13852.0
2006-05-25T00:00:00Z,96.285,96.295,96.265,96.275,17735.0
2006-05-26T00:00:00Z,96.275,96.285,96.255,96.275,5069.0
2006-05-29T00:00:00Z,96.3,96.3,96.24,96.25,6054.0
2006-05-30T00:00:00Z,96.255,96.29,96.205,96.215,19509.0
2006-05-31T00:00:00Z,96.23,96.245,96.15,96.15,16575.0
2006-06-01T00:00:00Z,96.135,96.155,96.12,96.14,11886.0
2006-06-02T00:00:00Z,96.145,96.22,96.125,96.2,16510.0
2006-06-05T00:00:00Z,96.195,96.195,96.14,96.14,22307.0
2006-06-06T00:00:00Z,96.125,96.145,96.11,96.12,18400.0
2006-06-07T00:00:00Z,96.11,96.13,96.09,96.11,25089.0
2006-06-08T00:00:00Z,96.12,96.225,96.12,96.185,34867.0
2006-06-09T00:00:00Z,96.19,96.25,96.165,96.215,39419.0
2006-06-12T00:00:00Z,96.22,96.26,96.205,96.245,26393.0
2006-06-13T00:00:00Z,96.265,96.305,96.255,96.28,30227.0
2006-06-14T00:00:00Z,96.28,96.285,96.225,96.235,21078.0
2006-06-15T00:00:00Z,96.22,96.225,96.155,96.175,32519.0
2006-06-16T00:00:00Z,96.17,96.21,96.16,96.185,39327.0
2006-06-19T00:00:00Z,96.19,96.19,96.135,96.14,47493.0
2006-06-20T00:00:00Z,96.11,96.13,96.06,96.06,14475.0
2006-06-21T00:00:00Z,96.055,96.065,96.045,96.05,15416.0
2006-06-22T00:00:00Z,96.04,96.05,96.01,96.01,8803.0
2006-06-23T00:00:00Z,96.0,96.035,95.985,95.99,11169.0
2006-06-26T00:00:00Z,95.985,96.005,95.96,95.965,16308.0
2006-06-27T00:00:00Z,95.96,95.995,95.925,95.95,19696.0
2006-06-28T00:00:00Z,95.965,95.965,95.935,95.955,13322.0
2006-06-29T00:00:00Z,95.94,96.01,95.93,95.99,8422.0
2006-06-30T00:00:00Z,96.02,96.03,95.94,95.98,10597.0
2006-07-03T00:00:00Z,95.985,96.01,95.945,95.96,22207.0
2006-07-04T00:00:00Z,95.955,95.985,95.95,95.97,5311.0
2006-07-05T00:00:00Z,95.97,95.975,95.9,95.92,15258.0
2006-07-06T00:00:00Z,95.925,95.95,95.87,95.915,25397.0
2006-07-07T00:00:00Z,95.91,95.985,95.91,95.97,16544.0
2006-07-10T00:00:00Z,95.965,95.965,95.93,95.945,8163.0
2006-07-11T00:00:00Z,95.935,96.005,95.935,95.985,23989.0
2006-07-12T00:00:00Z,95.975,95.99,95.935,95.965,18382.0
2006-07-13T00:00:00Z,95.975,96.03,95.975,96.015,12902.0
2006-07-14T00:00:00Z,96.065,96.105,96.05,96.09,26482.0
2006-07-17T00:00:00Z,96.1,96.115,96.07,96.08,13414.0
2006-07-18T00:00:00Z,96.075,96.085,96.03,96.045,12985.0
2006-07-19T00:00:00Z,96.04,96.07,95.98,96.06,13143.0
2006-07-20T00:00:00Z,96.075,96.08,96.035,96.07,7391.0
2006-07-21T00:00:00Z,96.065,96.115,96.06,96.1,9162.0
2006-07-24T00:00:00Z,96.075,96.105,96.075,96.105,9855.0
2006-07-25T00:00:00Z,96.095,96.15,96.095,96.11,16958.0
2006-07-26T00:00:00Z,96.105,96.13,96.055,96.095,14338.0
2006-07-27T00:00:00Z,96.105,96.15,96.1,96.125,18983.0
2006-07-28T00:00:00Z,96.125,96.17,96.095,96.145,12180.0
2006-07-31T00:00:00Z,96.155,96.165,96.12,96.155,17296.0
2006-08-01T00:00:00Z,96.16,96.18,96.11,96.165,15199.0
2006-08-02T00:00:00Z,96.175,96.18,96.12,96.155,7980.0
2006-08-03T00:00:00Z,96.16,96.16,96.055,96.07,19105.0
2006-08-04T00:00:00Z,96.07,96.15,96.055,96.15,16006.0
2006-08-07T00:00:00Z,96.135,96.175,96.13,96.16,13089.0
2006-08-08T00:00:00Z,96.17,96.18,96.145,96.165,9577.0
2006-08-09T00:00:00Z,96.175,96.175,96.12,96.14,10347.0
2006-08-10T00:00:00Z,96.15,96.205,96.13,96.145,15852.0
2006-08-11T00:00:00Z,96.145,96.15,96.08,96.085,22095.0
2006-08-14T00:00:00Z,96.08,96.08,96.03,96.03,22205.0
2006-08-15T00:00:00Z,96.02,96.095,96.02,96.09,14388.0
2006-08-16T00:00:00Z,96.075,96.145,96.065,96.14,26043.0
2006-08-17T00:00:00Z,96.145,96.17,96.115,96.125,12249.0
2006-08-18T00:00:00Z,96.13,96.155,96.1,96.15,9757.0
2006-08-21T00:00:00Z,96.16,96.215,96.145,96.21,30208.0
2006-08-22T00:00:00Z,96.205,96.31,96.2,96.295,22814.0
2006-08-23T00:00:00Z,96.295,96.3,96.26,96.285,19986.0
2006-08-24T00:00:00Z,96.295,96.34,96.23,96.285,13661.0
2006-08-25T00:00:00Z,96.285,96.315,96.285,96.305,6875.0
2006-08-28T00:00:00Z,96.29,96.31,96.285,96.305,1559.0
2006-08-29T00:00:00Z,96.31,96.31,96.245,96.26,5674.0
2006-08-30T00:00:00Z,96.285,96.295,96.255,96.275,6757.0
2006-08-31T00:00:00Z,96.265,96.335,96.235,96.32,22197.0
2006-09-01T00:00:00Z,96.335,96.35,96.31,96.35,19776.0
2006-09-04T00:00:00Z,96.335,96.345,96.325,96.335,18353.0
2006-09-05T00:00:00Z,96.335,96.335,96.295,96.305,26435.0
2006-09-06T00:00:00Z,96.305,96.305,96.24,96.255,24327.0
2006-09-07T00:00:00Z,96.26,96.26,96.205,96.25,21182.0
2006-09-08T00:00:00Z,96.24,96.27,96.23,96.255,20214.0
2006-09-11T00:00:00Z,96.26,96.26,96.21,96.22,11442.0
2006-09-12T00:00:00Z,96.21,96.225,96.175,96.215,25310.0
2006-09-13T00:00:00Z,96.23,96.245,96.21,96.235,21779.0
2006-09-14T00:00:00Z,96.23,96.235,96.21,96.21,30270.0
2006-09-15T00:00:00Z,96.205,96.24,96.19,96.195,19733.0
2006-09-18T00:00:00Z,96.175,96.175,96.135,96.16,50335.0
2006-09-19T00:00:00Z,96.155,96.225,96.135,96.215,13946.0
2006-09-20T00:00:00Z,96.22,96.24,96.205,96.205,7698.0
2006-09-21T00:00:00Z,96.2,96.29,96.19,96.28,15486.0
2006-09-22T00:00:00Z,96.31,96.38,96.285,96.335,16579.0
2006-09-25T00:00:00Z,96.36,96.405,96.36,96.395,21504.0
2006-09-26T00:00:00Z,96.4,96.41,96.35,96.365,15616.0
2006-09-27T00:00:00Z,96.355,96.39,96.325,96.34,6632.0
2006-09-28T00:00:00Z,96.335,96.35,96.305,96.325,9451.0
2006-09-29T00:00:00Z,96.325,96.35,96.275,96.28,14231.0
2006-10-02T00:00:00Z,96.285,96.32,96.25,96.305,7651.0
2006-10-03T00:00:00Z,96.315,96.325,96.255,96.265,9592.0
2006-10-04T00:00:00Z,96.275,96.325,96.245,96.325,14761.0
2006-10-05T00:00:00Z,96.32,96.32,96.29,96.305,8920.0
2006-10-06T00:00:00Z,96.315,96.375,96.26,96.26,26413.0
2006-10-09T00:00:00Z,96.27,96.285,96.23,96.26,12224.0
2006-10-10T00:00:00Z,96.255,96.26,96.17,96.185,20013.0
2006-10-11T00:00:00Z,96.185,96.22,96.155,96.17,3774.0
2006-10-12T00:00:00Z,96.165,96.23,96.16,96.205,11713.0
2006-10-13T00:00:00Z,96.19,96.23,96.17,96.175,10153.0
2006-10-16T00:00:00Z,96.17,96.2,96.16,96.18,7347.0
2006-10-17T00:00:00Z,96.195,96.22,96.19,96.2,5572.0
2006-10-18T00:00:00Z,96.2,96.23,96.165,96.2,15522.0
2006-10-19T00:00:00Z,96.195,96.21,96.15,96.17,23263.0
2006-10-20T00:00:00Z,96.15,96.185,96.135,96.15,8735.0
2006-10-23T00:00:00Z,96.13,96.14,96.085,96.1,11680.0
2006-10-24T00:00:00Z,96.075,96.12,96.075,96.105,11862.0
2006-10-25T00:00:00Z,96.1,96.12,96.08,96.12,15053.0
2006-10-26T00:00:00Z,96.115,96.145,96.105,96.125,18684.0
2006-10-27T00:00:00Z,96.125,96.175,96.11,96.175,8591.0
2006-10-30T00:00:00Z,96.17,96.205,96.17,96.175,13529.0
2006-10-31T00:00:00Z,96.2,96.27,96.175,96.26,14010.0
2006-11-01T00:00:00Z,96.27,96.325,96.25,96.31,18472.0
2006-11-02T00:00:00Z,96.31,96.315,96.25,96.275,7564.0
2006-11-03T00:00:00Z,96.29,96.3,96.195,96.205,17794.0
2006-11-06T00:00:00Z,96.185,96.195,96.17,96.185,10438.0
2006-11-07T00:00:00Z,96.19,96.235,96.185,96.23,13424.0
2006-11-08T00:00:00Z,96.23,96.25,96.185,96.21,8626.0
2006-11-09T00:00:00Z,96.22,96.23,96.185,96.225,18809.0
2006-11-10T00:00:00Z,96.245,96.29,96.24,96.27,16200.0
2006-11-13T00:00:00Z,96.27,96.315,96.235,96.245,13219.0
2006-11-14T00:00:00Z,96.24,96.295,96.21,96.27,17270.0
2006-11-15T00:00:00Z,96.26,96.295,96.23,96.235,10750.0
2006-11-16T00:00:00Z,96.225,96.265,96.175,96.195,18245.0
2006-11-17T00:00:00Z,96.19,96.265,96.17,96.255,21126.0
2006-11-20T00:00:00Z,96.25,96.28,96.25,96.27,9449.0
2006-11-21T00:00:00Z,96.28,96.3,96.24,96.265,15150.0
2006-11-22T00:00:00Z,96.27,96.285,96.255,96.275,18115.0
2006-11-23T00:00:00Z,96.28,96.285,96.205,96.225,16431.0
2006-11-24T00:00:00Z,96.25,96.3,96.21,96.275,20884.0
2006-11-27T00:00:00Z,96.28,96.305,96.245,96.305,28372.0
2006-11-28T00:00:00Z,96.305,96.31,96.275,96.3,12536.0
2006-11-29T00:00:00Z,96.305,96.305,96.25,96.25,16018.0
2006-11-30T00:00:00Z,96.25,96.31,96.24,96.295,12954.0
2006-12-01T00:00:00Z,96.295,96.35,96.27,96.33,18581.0
2006-12-04T00:00:00Z,96.33,96.345,96.31,96.325,40626.0
2006-12-05T00:00:00Z,96.33,96.335,96.27,96.285,23080.0
2006-12-06T00:00:00Z,96.29,96.295,96.26,96.265,13450.0
2006-12-07T00:00:00Z,96.27,96.285,96.22,96.225,19912.0
2006-12-08T00:00:00Z,96.23,96.255,96.2,96.205,14645.0
2006-12-11T00:00:00Z,96.2,96.205,96.165,96.175,29051.0
2006-12-12T00:00:00Z,96.17,96.19,96.155,96.175,23119.0
2006-12-13T00:00:00Z,96.18,96.215,96.13,96.13,25364.0
2006-12-14T00:00:00Z,96.12,96.145,96.1,96.105,25704.0
2006-12-15T00:00:00Z,96.1,96.145,96.07,96.075,21640.0
2006-12-18T00:00:00Z,96.075,96.11,96.07,96.08,38146.0
2006-12-19T00:00:00Z,96.095,96.12,96.07,96.085,20420.0
2006-12-20T00:00:00Z,96.08,96.105,96.07,96.08,6608.0
2006-12-21T00:00:00Z,96.085,96.09,96.06,96.09,7864.0
2006-12-22T00:00:00Z,96.08,96.08,96.04,96.05,3309.0
2006-12-27T00:00:00Z,96.025,96.055,96.005,96.005,2963.0
2006-12-28T00:00:00Z,96.0,96.015,95.975,95.98,6253.0
2006-12-29T00:00:00Z,95.98,96.015,95.98,95.985,7506.0
2007-01-02T00:00:00Z,95.955,96.04,95.955,96.025,13653.0
2007-01-03T00:00:00Z,96.02,96.065,96.005,96.02,8978.0
2007-01-04T00:00:00Z,96.02,96.045,96.015,96.025,15560.0
2007-01-05T00:00:00Z,96.02,96.05,95.96,95.975,10347.0
2007-01-08T00:00:00Z,95.995,95.995,95.965,95.99,11242.0
2007-01-09T00:00:00Z,95.99,96.0,95.96,95.965,14238.0
2007-01-10T00:00:00Z,95.96,95.995,95.955,95.96,8678.0
2007-01-11T00:00:00Z,95.965,96.01,95.925,95.98,15453.0
2007-01-12T00:00:00Z,95.98,95.985,95.93,95.95,11878.0
2007-01-15T00:00:00Z,95.945,95.955,95.935,95.94,9565.0
2007-01-16T00:00:00Z,95.945,95.965,95.93,95.93,13652.0
2007-01-17T00:00:00Z,95.95,95.975,95.93,95.94,8016.0
2007-01-18T00:00:00Z,95.935,95.935,95.88,95.925,16355.0
2007-01-19T00:00:00Z,95.93,95.96,95.91,95.915,7670.0
2007-01-22T00:00:00Z,95.9,95.97,95.9,95.96,8188.0
2007-01-23T00:00:00Z,95.96,95.985,95.94,95.94,11063.0
2007-01-24T00:00:00Z,95.94,95.96,95.91,95.925,14443.0
2007-01-25T00:00:00Z,95.92,95.955,95.87,95.88,17617.0
2007-01-26T00:00:00Z,95.88,95.89,95.84,95.88,9046.0
2007-01-29T00:00:00Z,95.875,95.89,95.85,95.855,16960.0
2007-01-30T00:00:00Z,95.855,95.89,95.855,95.875,11420.0
2007-01-31T00:00:00Z,95.875,95.905,95.845,95.9,13335.0
2007-02-01T00:00:00Z,95.89,95.945,95.89,95.905,16125.0
2007-02-02T00:00:00Z,95.905,95.98,95.885,95.96,15536.0
2007-02-05T00:00:00Z,95.96,96.0,95.96,95.985,13883.0
2007-02-06T00:00:00Z,95.975,96.0,95.965,95.99,10714.0
2007-02-07T00:00:00Z,96.005,96.01,95.96,96.01,28613.0
2007-02-08T00:00:00Z,96.0,96.005,95.925,95.945,18747.0
2007-02-09T00:00:00Z,95.95,95.955,95.905,95.905,7737.0
2007-02-12T00:00:00Z,95.905,95.92,95.885,95.905,17792.0
2007-02-13T00:00:00Z,95.89,95.905,95.87,95.885,7362.0
2007-02-14T00:00:00Z,95.88,95.93,95.875,95.915,15117.0
2007-02-15T00:00:00Z,95.92,96.0,95.91,95.985,22849.0
2007-02-16T00:00:00Z,95.975,95.99,95.93,95.94,12297.0
2007-02-19T00:00:00Z,95.945,95.945,95.925,95.925,3918.0
2007-02-20T00:00:00Z,95.925,95.95,95.9,95.945,12136.0
2007-02-21T00:00:00Z,95.935,95.965,95.93,95.955,15277.0
2007-02-22T00:00:00Z,95.945,95.955,95.895,95.905,15787.0
2007-02-23T00:00:00Z,95.895,95.95,95.89,95.95,12378.0
2007-02-26T00:00:00Z,95.95,96.01,95.95,96.0,26852.0
2007-02-27T00:00:00Z,96.005,96.24,96.0,96.11,37162.0
2007-02-28T00:00:00Z,96.09,96.095,96.015,96.05,29262.0
2007-03-01T00:00:00Z,96.055,96.115,96.03,96.055,19033.0
2007-03-02T00:00:00Z,96.055,96.1,96.04,96.095,19026.0
2007-03-05T00:00:00Z,96.14,96.14,96.08,96.095,23856.0
2007-03-06T00:00:00Z,96.08,96.085,96.055,96.065,13587.0
2007-03-07T00:00:00Z,96.06,96.075,96.055,96.07,10201.0
2007-03-08T00:00:00Z,96.06,96.075,96.02,96.07,17413.0
2007-03-09T00:00:00Z,96.085,96.085,96.025,96.04,43235.0
2007-03-12T00:00:00Z,96.03,96.075,96.01,96.07,44813.0
2007-03-13T00:00:00Z,96.07,96.125,96.055,96.115,37592.0
2007-03-14T00:00:00Z,96.125,96.135,96.09,96.105,23510.0
2007-03-15T00:00:00Z,96.065,96.095,96.065,96.08,37769.0
2007-03-16T00:00:00Z,96.08,96.095,96.05,96.065,40324.0
2007-03-19T00:00:00Z,96.05,96.05,96.02,96.025,40849.0
2007-03-20T00:00:00Z,96.01,96.05,96.0,96.045,7927.0
2007-03-21T00:00:00Z,96.045,96.08,96.025,96.075,7559.0
2007-03-22T00:00:00Z,96.025,96.09,96.005,96.01,16732.0
2007-03-23T00:00:00Z,96.0,96.025,95.965,95.97,20485.0
2007-03-26T00:00:00Z,95.98,96.005,95.955,95.98,15878.0
2007-03-27T00:00:00Z,95.97,95.98,95.95,95.97,12979.0
2007-03-28T00:00:00Z,95.975,95.98,95.935,95.935,8811.0
2007-03-29T00:00:00Z,95.92,95.94,95.915,95.925,7891.0
2007-03-30T00:00:00Z,95.915,95.955,95.89,95.915,11641.0
2007-04-02T00:00:00Z,95.905,95.905,95.87,95.87,6212.0
2007-04-03T00:00:00Z,95.875,95.895,95.87,95.88,8492.0
2007-04-04T00:00:00Z,95.875,95.93,95.875,95.915,18138.0
2007-04-05T00:00:00Z,95.91,95.925,95.88,95.885,28595.0
2007-04-10T00:00:00Z,95.85,95.87,95.835,95.855,7384.0
2007-04-11T00:00:00Z,95.86,95.865,95.825,95.825,10736.0
2007-04-12T00:00:00Z,95.82,95.835,95.785,95.79,16792.0
2007-04-13T00:00:00Z,95.79,95.8,95.75,95.755,13278.0
2007-04-16T00:00:00Z,95.755,95.79,95.745,95.79,14077.0
2007-04-17T00:00:00Z,95.795,95.805,95.745,95.795,16936.0
2007-04-18T00:00:00Z,95.795,95.83,95.79,95.82,8970.0
2007-04-19T00:00:00Z,95.825,95.85,95.77,95.775,7830.0
2007-04-20T00:00:00Z,95.77,95.8,95.77,95.795,7274.0
2007-04-23T00:00:00Z,95.79,95.83,95.78,95.795,6347.0
2007-04-24T00:00:00Z,95.805,95.83,95.8,95.81,9474.0
2007-04-25T00:00:00Z,95.815,95.82,95.785,95.795,11063.0
2007-04-26T00:00:00Z,95.79,95.79,95.74,95.75,21722.0
2007-04-27T00:00:00Z,95.755,95.775,95.725,95.75,27350.0
2007-04-30T00:00:00Z,95.765,95.84,95.765,95.84,20696.0
2007-05-01T00:00:00Z,95.8,95.85,95.77,95.775,6821.0
2007-05-02T00:00:00Z,95.79,95.805,95.755,95.765,27454.0
2007-05-03T00:00:00Z,95.765,95.795,95.74,95.75,16717.0
2007-05-04T00:00:00Z,95.74,95.81,95.74,95.79,10371.0
2007-05-07T00:00:00Z,95.775,95.785,95.73,95.75,5783.0
2007-05-08T00:00:00Z,95.745,95.785,95.745,95.78,6615.0
2007-05-09T00:00:00Z,95.765,95.775,95.74,95.75,12473.0
2007-05-10T00:00:00Z,95.75,95.765,95.725,95.76,12004.0
2007-05-11T00:00:00Z,95.77,95.82,95.735,95.74,24852.0
2007-05-14T00:00:00Z,95.75,95.75,95.68,95.685,21378.0
2007-05-15T00:00:00Z,95.695,95.695,95.635,95.635,18667.0
2007-05-16T00:00:00Z,95.645,95.66,95.615,95.64,30841.0
2007-05-17T00:00:00Z,95.64,95.645,95.62,95.62,14375.0
2007-05-18T00:00:00Z,95.63,95.64,95.6,95.615,14180.0
2007-05-21T00:00:00Z,95.67,95.67,95.605,95.63,7483.0
2007-05-22T00:00:00Z,95.685,95.685,95.575,95.58,19164.0
2007-05-23T00:00:00Z,95.58,95.635,95.545,95.55,11402.0
2007-05-24T00:00:00Z,95.57,95.605,95.56,95.585,17061.0
2007-05-25T00:00:00Z,95.58,95.585,95.525,95.525,8897.0
2007-05-28T00:00:00Z,95.525,95.53,95.51,95.51,251.0
2007-05-29T00:00:00Z,95.5,95.52,95.495,95.51,12897.0
2007-05-30T00:00:00Z,95.515,95.54,95.505,95.505,15043.0
2007-05-31T00:00:00Z,95.55,95.55,95.465,95.48,16643.0
2007-06-01T00:00:00Z,95.47,95.505,95.43,95.44,42501.0
2007-06-04T00:00:00Z,95.43,95.455,95.43,95.445,8516.0
2007-06-05T00:00:00Z,95.46,95.46,95.415,95.425,36302.0
2007-06-06T00:00:00Z,95.41,95.495,95.41,95.48,49468.0
2007-06-07T00:00:00Z,95.485,95.485,95.365,95.385,63454.0
2007-06-08T00:00:00Z,95.395,95.4,95.33,95.35,39409.0
2007-06-11T00:00:00Z,95.35,95.38,95.345,95.355,19758.0
2007-06-12T00:00:00Z,95.35,95.35,95.27,95.28,49447.0
2007-06-13T00:00:00Z,95.265,95.275,95.21,95.27,51058.0
2007-06-14T00:00:00Z,95.27,95.315,95.255,95.27,51329.0
2007-06-15T00:00:00Z,95.275,95.29,95.24,95.27,32265.0
2007-06-18T00:00:00Z,95.27,95.305,95.265,95.285,51685.0
2007-06-19T00:00:00Z,95.285,95.34,95.275,95.34,8865.0
2007-06-20T00:00:00Z,95.34,95.365,95.26,95.275,45903.0
2007-06-21T00:00:00Z,95.28,95.34,95.255,95.285,26989.0
2007-06-22T00:00:00Z,95.285,95.32,95.275,95.315,21376.0
2007-06-25T00:00:00Z,95.33,95.37,95.32,95.34,11313.0
2007-06-26T00:00:00Z,95.34,95.355,95.32,95.32,10737.0
2007-06-27T00:00:00Z,95.35,95.415,95.345,95.385,12509.0
2007-06-28T00:00:00Z,95.365,95.365,95.305,95.305,7472.0
2007-06-29T00:00:00Z,95.31,95.375,95.3,95.34,9990.0
2007-07-02T00:00:00Z,95.365,95.415,95.35,95.415,9316.0
2007-07-03T00:00:00Z,95.395,95.41,95.34,95.345,29482.0
2007-07-04T00:00:00Z,95.345,95.35,95.3,95.305,9363.0
2007-07-05T00:00:00Z,95.305,95.305,95.24,95.245,21410.0
2007-07-06T00:00:00Z,95.25,95.26,95.215,95.225,16721.0
2007-07-09T00:00:00Z,95.225,95.245,95.22,95.23,9395.0
2007-07-10T00:00:00Z,95.24,95.325,95.235,95.325,17746.0
2007-07-11T00:00:00Z,95.355,95.395,95.29,95.295,30451.0
2007-07-12T00:00:00Z,95.295,95.31,95.24,95.24,14808.0
2007-07-13T00:00:00Z,95.225,95.3,95.22,95.27,10362.0
2007-07-16T00:00:00Z,95.27,95.305,95.245,95.3,4935.0
2007-07-17T00:00:00Z,95.305,95.33,95.225,95.255,21243.0
2007-07-18T00:00:00Z,95.27,95.31,95.25,95.295,16980.0
2007-07-19T00:00:00Z,95.27,95.31,95.25,95.295,12506.0
2007-07-20T00:00:00Z,95.31,95.4,95.295,95.385,30890.0
2007-07-23T00:00:00Z,95.39,95.42,95.37,95.395,24264.0
2007-07-24T00:00:00Z,95.405,95.445,95.37,95.445,15989.0
2007-07-25T00:00:00Z,95.455,95.455,95.41,95.425,18670.0
2007-07-26T00:00:00Z,95.425,95.535,95.4,95.525,28616.0
2007-07-27T00:00:00Z,95.545,95.545,95.455,95.49,34818.0
2007-07-30T00:00:00Z,95.49,95.505,95.455,95.455,15480.0
2007-07-31T00:00:00Z,95.455,95.52,95.425,95.52,12493.0
2007-08-01T00:00:00Z,95.52,95.55,95.45,95.465,18283.0
2007-08-02T00:00:00Z,95.455,95.47,95.415,95.46,16098.0
2007-08-03T00:00:00Z,95.465,95.525,95.455,95.525,10816.0
2007-08-06T00:00:00Z,95.555,95.56,95.495,95.505,14562.0
2007-08-07T00:00:00Z,95.485,95.51,95.46,95.48,17061.0
2007-08-08T00:00:00Z,95.46,95.47,95.4,95.405,21529.0
2007-08-09T00:00:00Z,95.415,95.535,95.405,95.485,28428.0
2007-08-10T00:00:00Z,95.535,95.595,95.5,95.515,30569.0
2007-08-13T00:00:00Z,95.5,95.55,95.485,95.52,20369.0
2007-08-14T00:00:00Z,95.525,95.54,95.475,95.54,25768.0
2007-08-15T00:00:00Z,95.565,95.585,95.53,95.56,19895.0
2007-08-16T00:00:00Z,95.61,95.715,95.56,95.61,54463.0
2007-08-17T00:00:00Z,95.625,95.735,95.625,95.63,25318.0
2007-08-20T00:00:00Z,95.61,95.71,95.6,95.675,34194.0
2007-08-21T00:00:00Z,95.675,95.765,95.635,95.725,27938.0
2007-08-22T00:00:00Z,95.705,95.71,95.58,95.69,29821.0
2007-08-23T00:00:00Z,95.61,95.715,95.585,95.695,35688.0
2007-08-24T00:00:00Z,95.685,95.735,95.665,95.68,15475.0
2007-08-27T00:00:00Z,95.67,95.74,95.575,95.72,4851.0
2007-08-28T00:00:00Z,95.745,95.77,95.69,95.74,10480.0
2007-08-29T00:00:00Z,95.74,95.775,95.675,95.7,19922.0
2007-08-30T00:00:00Z,95.705,95.735,95.665,95.72,15736.0
2007-08-31T00:00:00Z,95.655,95.7,95.625,95.68,11028.0
2007-09-03T00:00:00Z,95.695,95.71,95.665,95.675,13228.0
2007-09-04T00:00:00Z,95.68,95.73,95.67,95.685,20716.0
2007-09-05T00:00:00Z,95.69,95.775,95.675,95.755,44303.0
2007-09-06T00:00:00Z,95.725,95.775,95.715,95.76,28412.0
2007-09-07T00:00:00Z,95.74,95.89,95.725,95.845,26291.0
2007-09-10T00:00:00Z,95.865,95.925,95.845,95.905,23711.0
2007-09-11T00:00:00Z,95.885,95.915,95.875,95.875,30479.0
2007-09-12T00:00:00Z,95.9,95.915,95.855,95.87,20894.0
2007-09-13T00:00:00Z,95.865,95.89,95.765,95.8,25609.0
2007-09-14T00:00:00Z,95.81,95.85,95.79,95.81,32589.0
2007-09-17T00:00:00Z,95.785,95.865,95.785,95.855,27371.0
2007-09-18T00:00:00Z,95.81,95.81,95.685,95.79,21319.0
2007-09-19T00:00:00Z,95.785,95.785,95.685,95.7,18232.0
2007-09-20T00:00:00Z,95.7,95.715,95.62,95.635,11330.0
2007-09-21T00:00:00Z,95.63,95.67,95.6,95.625,20859.0
2007-09-24T00:00:00Z,95.64,95.65,95.605,95.64,11042.0
2007-09-25T00:00:00Z,95.645,95.69,95.64,95.67,15003.0
2007-09-26T00:00:00Z,95.67,95.67,95.6,95.62,11906.0
2007-09-27T00:00:00Z,95.61,95.63,95.59,95.605,16799.0
2007-09-28T00:00:00Z,95.615,95.665,95.61,95.645,10493.0
2007-10-01T00:00:00Z,95.625,95.685,95.605,95.655,11116.0
2007-10-02T00:00:00Z,95.64,95.71,95.63,95.695,10059.0
2007-10-03T00:00:00Z,95.68,95.73,95.645,95.665,12667.0
2007-10-04T00:00:00Z,95.66,95.76,95.635,95.74,19241.0
2007-10-05T00:00:00Z,95.74,95.77,95.66,95.695,13413.0
2007-10-08T00:00:00Z,95.68,95.705,95.64,95.675,8258.0
2007-10-09T00:00:00Z,95.665,95.705,95.65,95.66,18774.0
2007-10-10T00:00:00Z,95.655,95.67,95.61,95.67,25334.0
2007-10-11T00:00:00Z,95.64,95.665,95.6,95.645,13607.0
2007-10-12T00:00:00Z,95.635,95.65,95.525,95.525,10390.0
2007-10-15T00:00:00Z,95.52,95.545,95.49,95.545,14428.0
2007-10-16T00:00:00Z,95.545,95.57,95.52,95.53,19100.0
2007-10-17T00:00:00Z,95.555,95.6,95.52,95.595,12221.0
2007-10-18T00:00:00Z,95.565,95.675,95.56,95.66,28859.0
2007-10-19T00:00:00Z,95.69,95.765,95.675,95.76,20341.0
2007-10-22T00:00:00Z,95.765,95.82,95.74,95.745,14879.0
2007-10-23T00:00:00Z,95.75,95.775,95.74,95.77,8253.0
2007-10-24T00:00:00Z,95.785,95.85,95.77,95.815,16017.0
2007-10-25T00:00:00Z,95.82,95.835,95.79,95.825,27317.0
2007-10-26T00:00:00Z,95.805,95.83,95.765,95.81,15225.0
2007-10-29T00:00:00Z,95.81,95.815,95.775,95.79,5436.0
2007-10-30T00:00:00Z,95.775,95.79,95.73,95.76,15136.0
2007-10-31T00:00:00Z,95.77,95.79,95.625,95.63,49353.0
2007-11-01T00:00:00Z,95.61,95.75,95.585,95.75,19310.0
2007-11-02T00:00:00Z,95.74,95.78,95.665,95.76,12302.0
2007-11-05T00:00:00Z,95.75,95.805,95.75,95.765,10005.0
2007-11-06T00:00:00Z,95.745,95.78,95.725,95.76,14148.0
2007-11-07T00:00:00Z,95.78,95.83,95.755,95.825,21296.0
2007-11-08T00:00:00Z,95.835,95.865,95.795,95.855,22531.0
2007-11-09T00:00:00Z,95.845,95.9,95.83,95.87,14619.0
2007-11-12T00:00:00Z,95.925,95.925,95.865,95.875,14457.0
2007-11-13T00:00:00Z,95.87,95.89,95.845,95.845,12966.0
2007-11-14T00:00:00Z,95.82,95.84,95.79,95.82,17968.0
2007-11-15T00:00:00Z,95.825,95.87,95.8,95.865,12705.0
2007-11-16T00:00:00Z,95.875,95.9,95.835,95.845,13541.0
2007-11-19T00:00:00Z,95.845,95.935,95.84,95.935,12978.0
2007-11-20T00:00:00Z,95.91,95.935,95.855,95.9,23292.0
2007-11-21T00:00:00Z,95.915,95.945,95.905,95.915,38392.0
2007-11-22T00:00:00Z,95.92,95.935,95.88,95.93,14980.0
2007-11-23T00:00:00Z,95.955,95.98,95.89,95.905,20887.0
2007-11-26T00:00:00Z,95.865,95.995,95.85,95.995,11589.0
2007-11-27T00:00:00Z,95.96,95.98,95.89,95.91,34073.0
2007-11-28T00:00:00Z,95.93,95.93,95.81,95.825,39898.0
2007-11-29T00:00:00Z,95.82,95.91,95.815,95.905,35160.0
2007-11-30T00:00:00Z,95.875,95.9,95.84,95.845,27518.0
2007-12-03T00:00:00Z,95.875,95.945,95.855,95.93,34044.0
2007-12-04T00:00:00Z,95.93,96.0,95.89,95.97,45116.0
2007-12-05T00:00:00Z,95.96,96.03,95.91,96.015,30312.0
2007-12-06T00:00:00Z,96.005,96.06,95.96,95.965,59833.0
2007-12-07T00:00:00Z,95.955,95.96,95.825,95.84,32965.0
2007-12-10T00:00:00Z,95.855,95.86,95.75,95.76,36292.0
2007-12-11T00:00:00Z,95.76,95.86,95.745,95.86,31944.0
2007-12-12T00:00:00Z,95.845,95.855,95.7,95.74,46608.0
2007-12-13T00:00:00Z,95.725,95.745,95.685,95.735,62540.0
2007-12-14T00:00:00Z,95.73,95.74,95.68,95.715,29768.0
2007-12-17T00:00:00Z,95.72,95.745,95.695,95.735,45208.0
2007-12-18T00:00:00Z,95.7,95.735,95.655,95.725,26443.0
2007-12-19T00:00:00Z,95.73,95.775,95.675,95.74,35663.0
2007-12-20T00:00:00Z,95.745,95.77,95.69,95.755,12274.0
2007-12-21T00:00:00Z,95.725,95.745,95.67,95.7,23472.0
2007-12-24T00:00:00Z,95.695,95.725,95.66,95.715,3893.0
2007-12-27T00:00:00Z,95.7,95.7,95.635,95.66,6605.0
2007-12-28T00:00:00Z,95.695,95.755,95.645,95.755,12526.0
2007-12-31T00:00:00Z,95.745,95.785,95.705,95.76,4937.0
2008-01-02T00:00:00Z,95.765,95.88,95.665,95.87,28710.0
2008-01-03T00:00:00Z,95.88,95.915,95.86,95.905,27489.0
2008-01-04T00:00:00Z,95.895,95.98,95.89,95.965,27179.0
2008-01-07T00:00:00Z,95.965,95.995,95.93,95.985,17166.0
2008-01-08T00:00:00Z,95.985,96.0,95.925,95.945,37523.0
2008-01-09T00:00:00Z,95.95,96.025,95.95,96.005,29737.0
2008-01-10T00:00:00Z,96.01,96.06,95.98,96.0,42436.0
2008-01-11T00:00:00Z,96.025,96.085,96.01,96.085,54700.0
2008-01-14T00:00:00Z,96.105,96.135,96.085,96.12,19933.0
2008-01-15T00:00:00Z,96.13,96.155,96.095,96.155,40579.0
2008-01-16T00:00:00Z,96.19,96.25,96.135,96.2,40794.0
2008-01-17T00:00:00Z,96.195,96.295,96.18,96.29,42758.0
2008-01-18T00:00:00Z,96.27,96.305,96.255,96.285,28582.0
2008-01-21T00:00:00Z,96.335,96.365,96.305,96.34,18209.0
2008-01-22T00:00:00Z,96.385,96.475,96.23,96.235,51302.0
2008-01-23T00:00:00Z,96.28,96.415,96.265,96.27,52650.0
2008-01-24T00:00:00Z,96.275,96.31,96.09,96.14,36355.0
2008-01-25T00:00:00Z,96.11,96.17,96.055,96.145,23820.0
2008-01-28T00:00:00Z,96.22,96.245,96.16,96.16,14169.0
2008-01-29T00:00:00Z,96.17,96.18,96.125,96.165,22514.0
2008-01-30T00:00:00Z,96.16,96.195,96.065,96.12,22264.0
2008-01-31T00:00:00Z,96.17,96.27,96.15,96.215,32124.0
2008-02-01T00:00:00Z,96.225,96.275,96.17,96.245,19886.0
2008-02-04T00:00:00Z,96.215,96.245,96.175,96.205,6734.0
2008-02-05T00:00:00Z,96.215,96.345,96.19,96.335,29830.0
2008-02-06T00:00:00Z,96.355,96.38,96.285,96.315,24606.0
2008-02-07T00:00:00Z,96.315,96.41,96.305,96.335,52600.0
2008-02-08T00:00:00Z,96.335,96.43,96.315,96.415,45515.0
2008-02-11T00:00:00Z,96.4,96.445,96.35,96.39,29116.0
2008-02-12T00:00:00Z,96.38,96.41,96.305,96.375,37631.0
2008-02-13T00:00:00Z,96.375,96.39,96.31,96.325,36771.0
2008-02-14T00:00:00Z,96.295,96.32,96.24,96.25,20917.0
2008-02-15T00:00:00Z,96.275,96.38,96.24,96.31,23834.0
2008-02-18T00:00:00Z,96.32,96.345,96.245,96.26,9986.0
2008-02-19T00:00:00Z,96.285,96.35,96.23,96.23,34074.0
2008-02-20T00:00:00Z,96.25,96.285,96.19,96.225,29399.0
2008-02-21T00:00:00Z,96.2,96.24,96.13,96.235,45302.0
2008-02-22T00:00:00Z,96.24,96.29,96.215,96.225,29280.0
2008-02-25T00:00:00Z,96.18,96.265,96.17,96.23,36247.0
2008-02-26T00:00:00Z,96.245,96.275,96.165,96.235,28616.0
2008-02-27T00:00:00Z,96.25,96.29,96.22,96.24,44924.0
2008-02-28T00:00:00Z,96.245,96.4,96.24,96.39,50196.0
2008-02-29T00:00:00Z,96.4,96.49,96.37,96.49,37862.0
2008-03-03T00:00:00Z,96.505,96.52,96.37,96.415,46540.0
2008-03-04T00:00:00Z,96.415,96.5,96.385,96.455,60856.0
2008-03-05T00:00:00Z,96.45,96.485,96.425,96.455,85573.0
2008-03-06T00:00:00Z,96.46,96.485,96.39,96.425,81584.0
2008-03-07T00:00:00Z,96.455,96.515,96.415,96.475,80436.0
2008-03-10T00:00:00Z,96.475,96.57,96.46,96.525,32677.0
2008-03-11T00:00:00Z,96.505,96.52,96.405,96.44,61839.0
2008-03-12T00:00:00Z,96.44,96.46,96.335,96.425,61130.0
2008-03-13T00:00:00Z,96.455,96.505,96.405,96.425,51342.0
2008-03-14T00:00:00Z,96.435,96.48,96.32,96.445,72394.0
2008-03-17T00:00:00Z,96.46,96.565,96.45,96.47,114142.0
2008-03-18T00:00:00Z,96.36,96.39,96.275,96.315,27884.0
2008-03-19T00:00:00Z,96.335,96.395,96.26,96.335,46487.0
2008-03-20T00:00:00Z,96.32,96.34,96.21,96.25,30902.0
2008-03-25T00:00:00Z,96.16,96.21,96.06,96.115,25082.0
2008-03-26T00:00:00Z,96.115,96.16,96.065,96.145,14835.0
2008-03-27T00:00:00Z,96.155,96.175,96.1,96.15,35929.0
2008-03-28T00:00:00Z,96.14,96.14,96.085,96.12,15040.0
2008-03-31T00:00:00Z,96.115,96.15,96.105,96.11,14951.0
2008-04-01T00:00:00Z,96.12,96.13,96.045,96.075,28838.0
2008-04-02T00:00:00Z,96.075,96.1,95.99,96.01,22764.0
2008-04-03T00:00:00Z,96.02,96.1,96.0,96.04,29035.0
2008-04-04T00:00:00Z,96.05,96.125,96.03,96.095,10223.0
2008-04-07T00:00:00Z,96.095,96.095,96.03,96.055,10292.0
2008-04-08T00:00:00Z,96.07,96.11,96.065,96.105,15226.0
2008-04-09T00:00:00Z,96.1,96.165,96.04,96.15,15722.0
2008-04-10T00:00:00Z,96.13,96.18,96.11,96.11,38429.0
2008-04-11T00:00:00Z,96.085,96.22,96.07,96.215,32941.0
2008-04-14T00:00:00Z,96.245,96.245,96.175,96.18,25288.0
2008-04-15T00:00:00Z,96.18,96.19,96.07,96.1,25511.0
2008-04-16T00:00:00Z,96.075,96.11,95.985,95.99,35579.0
2008-04-17T00:00:00Z,95.985,96.01,95.885,95.91,36059.0
2008-04-18T00:00:00Z,95.915,95.945,95.72,95.88,45585.0
2008-04-21T00:00:00Z,95.81,95.935,95.805,95.89,48483.0
2008-04-22T00:00:00Z,95.92,95.925,95.815,95.9,37053.0
2008-04-23T00:00:00Z,95.91,95.925,95.875,95.89,23132.0
2008-04-24T00:00:00Z,95.895,95.975,95.825,95.845,35095.0
2008-04-25T00:00:00Z,95.83,95.87,95.78,95.835,17006.0
2008-04-28T00:00:00Z,95.845,95.905,95.82,95.825,14559.0
2008-04-29T00:00:00Z,95.84,95.94,95.83,95.92,19628.0
2008-04-30T00:00:00Z,95.93,95.95,95.9,95.93,22855.0
2008-05-01T00:00:00Z,95.95,96.015,95.915,95.955,6476.0
2008-05-02T00:00:00Z,95.975,95.98,95.83,95.855,21774.0
2008-05-05T00:00:00Z,95.88,95.88,95.82,95.84,3336.0
2008-05-06T00:00:00Z,95.835,95.965,95.825,95.925,24107.0
2008-05-07T00:00:00Z,95.905,95.97,95.885,95.97,18176.0
2008-05-08T00:00:00Z,95.975,96.065,95.96,96.055,22487.0
2008-05-09T00:00:00Z,96.07,96.1,96.045,96.085,22099.0
2008-05-12T00:00:00Z,96.085,96.09,96.025,96.06,43215.0
2008-05-13T00:00:00Z,96.055,96.085,95.935,95.985,43835.0
2008-05-14T00:00:00Z,95.945,95.975,95.885,95.915,45061.0
2008-05-15T00:00:00Z,95.93,95.94,95.795,95.875,47860.0
2008-05-16T00:00:00Z,95.875,95.92,95.845,95.89,29591.0
2008-05-19T00:00:00Z,95.875,95.93,95.84,95.885,23640.0
2008-05-20T00:00:00Z,95.9,95.905,95.845,95.88,22971.0
2008-05-21T00:00:00Z,95.9,95.905,95.78,95.795,42849.0
2008-05-22T00:00:00Z,95.785,95.81,95.695,95.7,35247.0
2008-05-23T00:00:00Z,95.69,95.755,95.61,95.675,34968.0
2008-05-26T00:00:00Z,95.635,95.68,95.635,95.665,1160.0
2008-05-27T00:00:00Z,95.655,95.7,95.63,95.635,48456.0
2008-05-28T00:00:00Z,95.645,95.645,95.56,95.565,28379.0
2008-05-29T00:00:00Z,95.56,95.585,95.465,95.515,26687.0
2008-05-30T00:00:00Z,95.52,95.545,95.48,95.485,31481.0
2008-06-02T00:00:00Z,95.515,95.59,95.48,95.585,22247.0
2008-06-03T00:00:00Z,95.595,95.615,95.455,95.525,39000.0
2008-06-04T00:00:00Z,95.515,95.55,95.495,95.515,31822.0
2008-06-05T00:00:00Z,95.505,95.535,95.315,95.33,59865.0
2008-06-06T00:00:00Z,95.335,95.34,95.03,95.165,78238.0
2008-06-09T00:00:00Z,95.155,95.205,94.805,94.945,79978.0
2008-06-10T00:00:00Z,94.825,94.975,94.815,94.955,79409.0
2008-06-11T00:00:00Z,94.925,95.135,94.925,95.02,53901.0
2008-06-12T00:00:00Z,95.03,95.04,94.96,94.97,46179.0
2008-06-13T00:00:00Z,94.955,95.035,94.825,94.865,75052.0
2008-06-16T00:00:00Z,94.91,94.91,94.81,94.82,88859.0
2008-06-17T00:00:00Z,94.825,95.05,94.825,95.025,40446.0
2008-06-18T00:00:00Z,95.035,95.085,94.99,95.025,27500.0
2008-06-19T00:00:00Z,95.005,95.06,94.88,94.93,28147.0
2008-06-20T00:00:00Z,94.91,95.015,94.91,94.975,33598.0
2008-06-23T00:00:00Z,94.995,95.09,94.975,95.005,34034.0
2008-06-24T00:00:00Z,94.98,95.085,94.965,95.08,38166.0
2008-06-25T00:00:00Z,95.05,95.085,95.025,95.075,45133.0
2008-06-26T00:00:00Z,95.08,95.185,95.045,95.16,27716.0
2008-06-27T00:00:00Z,95.175,95.265,95.145,95.185,24184.0
2008-06-30T00:00:00Z,95.2,95.205,94.955,95.01,28833.0
2008-07-01T00:00:00Z,94.95,95.06,94.9,94.92,37621.0
2008-07-02T00:00:00Z,94.935,94.95,94.865,94.87,27046.0
2008-07-03T00:00:00Z,94.87,95.11,94.765,95.095,42233.0
2008-07-04T00:00:00Z,95.04,95.155,95.04,95.14,21913.0
2008-07-07T00:00:00Z,95.13,95.265,95.11,95.245,19952.0
2008-07-08T00:00:00Z,95.24,95.295,95.18,95.21,27676.0
2008-07-09T00:00:00Z,95.225,95.23,95.135,95.225,30599.0
2008-07-10T00:00:00Z,95.275,95.275,95.165,95.2,25037.0
2008-07-11T00:00:00Z,95.195,95.29,95.03,95.14,22464.0
2008-07-14T00:00:00Z,95.155,95.28,95.12,95.27,29596.0
2008-07-15T00:00:00Z,95.295,95.34,95.26,95.285,31586.0
2008-07-16T00:00:00Z,95.3,95.31,95.195,95.195,21676.0
2008-07-17T00:00:00Z,95.2,95.22,95.155,95.155,22871.0
2008-07-18T00:00:00Z,95.175,95.22,95.01,95.02,26105.0
2008-07-21T00:00:00Z,95.02,95.075,94.905,94.93,24521.0
2008-07-22T00:00:00Z,94.98,95.015,94.915,94.92,10467.0
2008-07-23T00:00:00Z,94.93,94.965,94.89,94.955,25419.0
2008-07-24T00:00:00Z,95.01,95.155,94.96,95.14,24057.0
2008-07-25T00:00:00Z,95.155,95.21,95.095,95.12,26196.0
2008-07-28T00:00:00Z,95.145,95.195,95.13,95.195,20027.0
2008-07-29T00:00:00Z,95.19,95.255,95.175,95.23,21325.0
2008-07-30T00:00:00Z,95.235,95.305,95.2,95.26,28811.0
2008-07-31T00:00:00Z,95.27,95.37,95.24,95.37,33587.0
2008-08-01T00:00:00Z,95.375,95.41,94.9,95.375,18097.0
2008-08-04T00:00:00Z,95.375,95.395,95.345,95.375,11603.0
2008-08-05T00:00:00Z,95.39,95.43,95.38,95.405,18754.0
2008-08-06T00:00:00Z,95.425,95.49,95.37,95.445,25952.0
2008-08-07T00:00:00Z,95.46,95.645,95.415,95.64,41125.0
2008-08-08T00:00:00Z,95.65,95.695,95.605,95.645,28428.0
2008-08-11T00:00:00Z,95.655,95.67,95.6,95.61,8920.0
2008-08-12T00:00:00Z,95.615,95.705,95.615,95.69,13625.0
2008-08-13T00:00:00Z,95.7,95.775,95.67,95.725,36725.0
2008-08-14T00:00:00Z,95.755,95.79,95.7,95.755,14498.0
2008-08-15T00:00:00Z,95.76,95.84,95.755,95.82,12997.0
2008-08-18T00:00:00Z,95.81,95.88,95.785,95.84,27173.0
2008-08-19T00:00:00Z,95.85,95.93,95.805,95.82,42034.0
2008-08-20T00:00:00Z,95.835,95.85,95.765,95.84,28880.0
2008-08-21T00:00:00Z,95.875,95.89,95.71,95.715,29286.0
2008-08-22T00:00:00Z,95.705,95.735,95.61,95.63,35172.0
2008-08-25T00:00:00Z,95.645,95.74,95.645,95.73,7358.0
2008-08-26T00:00:00Z,95.75,95.82,95.71,95.775,30334.0
2008-08-27T00:00:00Z,95.775,95.815,95.625,95.685,36890.0
2008-08-28T00:00:00Z,95.665,95.72,95.525,95.585,56287.0
2008-08-29T00:00:00Z,95.585,95.64,95.565,95.63,33530.0
2008-09-01T00:00:00Z,95.63,95.81,95.605,95.715,27131.0
2008-09-02T00:00:00Z,95.72,95.735,95.605,95.735,33654.0
2008-09-03T00:00:00Z,95.72,95.81,95.7,95.735,40253.0
2008-09-04T00:00:00Z,95.735,95.845,95.6,95.845,66340.0
2008-09-05T00:00:00Z,95.865,95.955,95.85,95.88,64699.0
2008-09-08T00:00:00Z,95.775,95.87,95.655,95.87,51260.0
2008-09-09T00:00:00Z,95.89,95.92,95.79,95.895,70858.0
2008-09-10T00:00:00Z,95.87,95.91,95.805,95.825,25423.0
2008-09-11T00:00:00Z,95.85,95.905,95.81,95.815,37171.0
2008-09-12T00:00:00Z,95.81,95.86,95.68,95.765,53945.0
2008-09-15T00:00:00Z,95.895,96.05,95.785,95.895,91147.0
2008-09-16T00:00:00Z,95.795,95.805,95.6,95.63,32679.0
2008-09-17T00:00:00Z,95.6,95.655,95.465,95.505,36797.0
2008-09-18T00:00:00Z,95.49,95.6,95.375,95.415,33339.0
2008-09-19T00:00:00Z,95.39,95.44,95.23,95.26,26481.0
2008-09-22T00:00:00Z,95.315,95.335,95.225,95.29,41620.0
2008-09-23T00:00:00Z,95.325,95.35,95.275,95.32,15295.0
2008-09-24T00:00:00Z,95.33,95.44,95.27,95.38,17695.0
2008-09-25T00:00:00Z,95.35,95.415,95.33,95.36,13799.0
2008-09-26T00:00:00Z,95.375,95.485,95.34,95.43,16814.0
2008-09-29T00:00:00Z,95.45,95.65,95.41,95.65,28818.0
2008-09-30T00:00:00Z,95.625,95.665,95.455,95.455,22979.0
2008-10-01T00:00:00Z,95.445,95.59,95.41,95.52,37105.0
2008-10-02T00:00:00Z,95.54,95.725,95.535,95.69,31238.0
2008-10-03T00:00:00Z,95.7,95.825,95.665,95.78,29573.0
2008-10-06T00:00:00Z,95.835,95.985,95.81,95.93,29728.0
2008-10-07T00:00:00Z,95.93,95.965,95.825,95.87,45439.0
2008-10-08T00:00:00Z,95.9,96.215,95.81,95.92,33362.0
2008-10-09T00:00:00Z,95.91,95.985,95.745,95.9,12840.0
2008-10-10T00:00:00Z,96.0,96.0,95.56,95.665,17636.0
2008-10-13T00:00:00Z,95.655,95.695,95.465,95.495,25591.0
2008-10-14T00:00:00Z,95.455,95.515,95.4,95.41,44660.0
2008-10-15T00:00:00Z,95.44,95.525,95.415,95.485,32311.0
2008-10-16T00:00:00Z,95.53,95.6,95.435,95.57,47404.0
2008-10-17T00:00:00Z,95.575,96.065,95.505,95.62,33152.0
2008-10-20T00:00:00Z,95.61,95.66,95.485,95.61,25282.0
2008-10-21T00:00:00Z,95.65,95.795,95.61,95.77,37100.0
2008-10-22T00:00:00Z,95.815,95.96,95.785,95.96,47416.0
2008-10-23T00:00:00Z,95.92,95.995,95.83,95.965,38184.0
2008-10-24T00:00:00Z,95.935,96.07,95.935,96.005,26962.0
2008-10-27T00:00:00Z,96.035,96.08,96.005,96.055,26524.0
2008-10-28T00:00:00Z,96.035,96.125,95.97,96.055,22733.0
2008-10-29T00:00:00Z,96.085,96.165,96.06,96.125,28065.0
2008-10-30T00:00:00Z,96.135,96.205,96.06,96.17,28745.0
2008-10-31T00:00:00Z,96.18,96.265,96.11,96.17,33792.0
2008-11-03T00:00:00Z,96.125,96.2,96.1,96.2,23963.0
2008-11-04T00:00:00Z,96.225,96.24,96.145,96.195,18946.0
2008-11-05T00:00:00Z,96.2,96.26,96.06,96.215,38487.0
2008-11-06T00:00:00Z,96.245,96.395,96.13,96.29,41820.0
2008-11-07T00:00:00Z,96.315,96.335,96.245,96.285,32363.0
2008-11-10T00:00:00Z,96.305,96.41,96.205,96.385,16736.0
2008-11-11T00:00:00Z,96.395,96.41,96.32,96.355,28317.0
2008-11-12T00:00:00Z,96.34,96.485,96.34,96.485,29748.0
2008-11-13T00:00:00Z,96.47,96.51,96.395,96.425,44916.0
2008-11-14T00:00:00Z,96.41,96.485,96.36,96.465,34371.0
2008-11-17T00:00:00Z,96.485,96.495,96.415,96.495,38732.0
2008-11-18T00:00:00Z,96.485,96.525,96.435,96.52,26931.0
2008-11-19T00:00:00Z,96.52,96.585,96.45,96.585,34160.0
2008-11-20T00:00:00Z,96.59,96.785,96.585,96.755,36027.0
2008-11-21T00:00:00Z,96.725,96.765,96.615,96.725,54904.0
2008-11-24T00:00:00Z,96.69,96.7,96.55,96.555,34813.0
2008-11-25T00:00:00Z,96.59,96.685,96.55,96.67,41563.0
2008-11-26T00:00:00Z,96.66,96.79,96.65,96.735,28277.0
2008-11-27T00:00:00Z,96.765,96.785,96.695,96.785,22042.0
2008-11-28T00:00:00Z,96.785,96.855,96.705,96.725,24224.0
2008-12-01T00:00:00Z,96.72,96.92,96.72,96.9,32125.0
2008-12-02T00:00:00Z,96.9,96.96,96.84,96.955,34889.0
2008-12-03T00:00:00Z,96.93,97.015,96.845,97.0,31646.0
2008-12-04T00:00:00Z,97.005,97.11,96.81,96.91,54287.0
2008-12-05T00:00:00Z,96.86,96.945,96.815,96.845,28186.0
2008-12-08T00:00:00Z,96.815,96.83,96.595,96.635,22896.0
2008-12-09T00:00:00Z,96.635,96.685,96.505,96.605,18993.0
2008-12-10T00:00:00Z,96.59,96.68,96.54,96.635,28115.0
2008-12-11T00:00:00Z,96.655,96.795,96.59,96.78,50733.0
2008-12-12T00:00:00Z,96.84,96.88,96.63,96.7,36941.0
2008-12-15T00:00:00Z,96.65,96.765,96.64,96.755,57777.0
2008-12-16T00:00:00Z,96.695,96.865,96.695,96.83,19978.0
2008-12-17T00:00:00Z,96.83,96.955,96.825,96.925,25701.0
2008-12-18T00:00:00Z,96.965,96.995,96.85,96.905,21047.0
2008-12-19T00:00:00Z,96.94,96.94,96.785,96.835,9235.0
2008-12-22T00:00:00Z,96.715,96.915,96.68,96.905,9918.0
2008-12-23T00:00:00Z,96.925,96.935,96.8,96.84,5869.0
2008-12-24T00:00:00Z,96.8,96.81,96.755,96.785,932.0
2008-12-29T00:00:00Z,96.815,96.865,96.8,96.855,6201.0
2008-12-30T00:00:00Z,96.85,96.85,96.66,96.77,9625.0
2008-12-31T00:00:00Z,96.875,97.0,96.81,96.82,1582.0
2009-01-02T00:00:00Z,96.75,96.88,96.63,96.785,7237.0
2009-01-05T00:00:00Z,96.765,96.82,96.71,96.745,16392.0
2009-01-06T00:00:00Z,96.755,96.8,96.645,96.695,17654.0
2009-01-07T00:00:00Z,96.705,96.85,96.685,96.82,30512.0
2009-01-08T00:00:00Z,96.8,96.93,96.77,96.885,21237.0
2009-01-09T00:00:00Z,96.905,97.05,96.87,96.96,28306.0
2009-01-12T00:00:00Z,96.97,97.035,96.93,97.03,17445.0
2009-01-13T00:00:00Z,97.025,97.13,97.02,97.105,25143.0
2009-01-14T00:00:00Z,97.085,97.145,97.03,97.115,17682.0
2009-01-15T00:00:00Z,97.1,97.165,96.985,97.035,37352.0
2009-01-16T00:00:00Z,96.995,97.135,96.97,97.125,29909.0
2009-01-19T00:00:00Z,97.105,97.12,96.995,97.08,12057.0
2009-01-20T00:00:00Z,97.115,97.135,97.06,97.125,20596.0
2009-01-21T00:00:00Z,97.11,97.17,97.08,97.13,23063.0
2009-01-22T00:00:00Z,97.12,97.2,97.055,97.12,22254.0
2009-01-23T00:00:00Z,97.155,97.2,97.1,97.11,40180.0
2009-01-26T00:00:00Z,97.155,97.17,96.91,96.96,30934.0
2009-01-27T00:00:00Z,96.96,97.005,96.87,96.965,34420.0
2009-01-28T00:00:00Z,96.965,97.07,96.94,97.0,22720.0
2009-01-29T00:00:00Z,97.0,97.13,96.955,97.06,39621.0
2009-01-30T00:00:00Z,97.035,97.15,97.01,97.07,34700.0
2009-02-02T00:00:00Z,97.13,97.155,97.055,97.075,11267.0
2009-02-03T00:00:00Z,97.085,97.145,97.06,97.065,22253.0
2009-02-04T00:00:00Z,97.065,97.19,97.005,97.185,52164.0
2009-02-05T00:00:00Z,97.175,97.23,97.065,97.155,43988.0
2009-02-06T00:00:00Z,97.17,97.195,97.095,97.13,26464.0
2009-02-09T00:00:00Z,97.13,97.18,97.085,97.095,25605.0
2009-02-10T00:00:00Z,97.135,97.165,97.05,97.12,48051.0
2009-02-11T00:00:00Z,97.145,97.25,97.135,97.24,37970.0
2009-02-12T00:00:00Z,97.25,97.34,97.235,97.33,22914.0
2009-02-13T00:00:00Z,97.315,97.335,97.275,97.295,13990.0
2009-02-16T00:00:00Z,97.285,97.36,97.28,97.35,20545.0
2009-02-17T00:00:00Z,97.345,97.465,97.345,97.465,29898.0
2009-02-18T00:00:00Z,97.455,97.47,97.38,97.385,31277.0
2009-02-19T00:00:00Z,97.395,97.4,97.27,97.3,27745.0
2009-02-20T00:00:00Z,97.345,97.42,97.33,97.375,30204.0
2009-02-23T00:00:00Z,97.37,97.375,97.285,97.365,26823.0
2009-02-24T00:00:00Z,97.38,97.435,97.365,97.415,25773.0
2009-02-25T00:00:00Z,97.415,97.47,97.365,97.425,27257.0
2009-02-26T00:00:00Z,97.41,97.42,97.31,97.315,34478.0
2009-02-27T00:00:00Z,97.315,97.42,97.315,97.35,31452.0
2009-03-02T00:00:00Z,97.355,97.475,97.35,97.465,25058.0
2009-03-03T00:00:00Z,97.45,97.52,97.425,97.5,32487.0
2009-03-04T00:00:00Z,97.5,97.505,97.45,97.46,41599.0
2009-03-05T00:00:00Z,97.465,97.605,97.455,97.535,44414.0
2009-03-06T00:00:00Z,97.53,97.625,97.525,97.575,60688.0
2009-03-09T00:00:00Z,97.57,97.605,97.5,97.53,49172.0
2009-03-10T00:00:00Z,97.515,97.595,97.45,97.495,71032.0
2009-03-11T00:00:00Z,97.49,97.495,97.43,97.465,29708.0
2009-03-12T00:00:00Z,97.45,97.545,97.445,97.5,56067.0
2009-03-13T00:00:00Z,97.495,97.51,97.425,97.48,40516.0
2009-03-16T00:00:00Z,97.475,97.49,97.39,97.45,74155.0
2009-03-17T00:00:00Z,97.26,97.29,97.215,97.22,41374.0
2009-03-18T00:00:00Z,97.22,97.355,97.18,97.35,37683.0
2009-03-19T00:00:00Z,97.385,97.45,97.275,97.28,50432.0
2009-03-20T00:00:00Z,97.285,97.38,97.285,97.355,32536.0
2009-03-23T00:00:00Z,97.325,97.35,97.275,97.285,48690.0
2009-03-24T00:00:00Z,97.28,97.29,97.205,97.235,63090.0
2009-03-25T00:00:00Z,97.235,97.25,97.185,97.19,59481.0
2009-03-26T00:00:00Z,97.195,97.205,97.11,97.205,58004.0
2009-03-27T00:00:00Z,97.2,97.29,97.2,97.275,34590.0
2009-03-30T00:00:00Z,97.295,97.4,97.27,97.39,24044.0
2009-03-31T00:00:00Z,97.38,97.415,97.37,97.395,29792.0
2009-04-01T00:00:00Z,97.4,97.465,97.385,97.45,28453.0
2009-04-02T00:00:00Z,97.45,97.45,97.205,97.23,64220.0
2009-04-03T00:00:00Z,97.21,97.21,96.935,96.975,68889.0
2009-04-06T00:00:00Z,96.98,97.08,96.93,97.06,43777.0
2009-04-07T00:00:00Z,97.06,97.165,97.025,97.14,32995.0
2009-04-08T00:00:00Z,97.155,97.23,97.135,97.15,26117.0
2009-04-09T00:00:00Z,97.145,97.21,97.12,97.195,37926.0
2009-04-14T00:00:00Z,97.21,97.26,97.185,97.26,22548.0
2009-04-15T00:00:00Z,97.25,97.325,97.24,97.285,36117.0
2009-04-16T00:00:00Z,97.285,97.31,97.235,97.27,20616.0
2009-04-17T00:00:00Z,97.3,97.305,97.165,97.175,25574.0
2009-04-20T00:00:00Z,97.19,97.315,97.18,97.3,31659.0
2009-04-21T00:00:00Z,97.3,97.34,97.235,97.27,21876.0
2009-04-22T00:00:00Z,97.29,97.305,97.19,97.225,34744.0
2009-04-23T00:00:00Z,97.235,97.26,97.19,97.24,20347.0
2009-04-24T00:00:00Z,97.25,97.315,97.25,97.31,16381.0
2009-04-27T00:00:00Z,97.305,97.41,97.29,97.335,40266.0
2009-04-28T00:00:00Z,97.35,97.41,97.34,97.37,30069.0
2009-04-29T00:00:00Z,97.385,97.46,97.36,97.43,48152.0
2009-04-30T00:00:00Z,97.435,97.47,97.365,97.465,35610.0
2009-05-01T00:00:00Z,97.47,97.48,97.415,97.455,8041.0
2009-05-04T00:00:00Z,97.46,97.46,97.375,97.385,15346.0
2009-05-05T00:00:00Z,97.4,97.445,97.375,97.385,36734.0
2009-05-06T00:00:00Z,97.42,97.475,97.355,97.475,45633.0
2009-05-07T00:00:00Z,97.46,97.465,97.295,97.355,58864.0
2009-05-08T00:00:00Z,97.37,97.405,97.315,97.385,51945.0
2009-05-11T00:00:00Z,97.375,97.43,97.365,97.41,48436.0
2009-05-12T00:00:00Z,97.41,97.435,97.335,97.43,40212.0
2009-05-13T00:00:00Z,97.435,97.545,97.405,97.545,66902.0
2009-05-14T00:00:00Z,97.54,97.575,97.52,97.55,40074.0
2009-05-15T00:00:00Z,97.535,97.585,97.515,97.52,36867.0
2009-05-18T00:00:00Z,97.53,97.595,97.525,97.54,37281.0
2009-05-19T00:00:00Z,97.545,97.545,97.455,97.485,67484.0
2009-05-20T00:00:00Z,97.495,97.505,97.41,97.46,36226.0
2009-05-21T00:00:00Z,97.47,97.56,97.445,97.445,47926.0
2009-05-22T00:00:00Z,97.455,97.48,97.38,97.41,42960.0
2009-05-25T00:00:00Z,97.445,97.445,97.325,97.33,11788.0
2009-05-26T00:00:00Z,97.33,97.395,97.29,97.29,53499.0
2009-05-27T00:00:00Z,97.275,97.325,97.275,97.285,43883.0
2009-05-28T00:00:00Z,97.255,97.325,97.235,97.32,93090.0
2009-05-29T00:00:00Z,97.32,97.415,97.31,97.395,56453.0
2009-06-01T00:00:00Z,97.375,97.395,97.29,97.29,26162.0
2009-06-02T00:00:00Z,97.31,97.4,97.29,97.375,33068.0
2009-06-03T00:00:00Z,97.375,97.435,97.355,97.43,55269.0
2009-06-04T00:00:00Z,97.415,97.435,97.2,97.23,61019.0
2009-06-05T00:00:00Z,97.24,97.26,96.97,96.985,95010.0
2009-06-08T00:00:00Z,96.85,97.045,96.85,96.895,136979.0
2009-06-09T00:00:00Z,96.965,97.06,96.905,97.025,60534.0
2009-06-10T00:00:00Z,96.99,97.04,96.96,96.97,41738.0
2009-06-11T00:00:00Z,96.985,96.995,96.875,96.965,56865.0
2009-06-12T00:00:00Z,97.0,97.025,96.96,96.99,40427.0
2009-06-15T00:00:00Z,96.99,97.095,96.985,97.065,59561.0
2009-06-16T00:00:00Z,96.905,96.905,96.82,96.885,37086.0
2009-06-17T00:00:00Z,96.875,96.945,96.86,96.925,55019.0
2009-06-18T00:00:00Z,96.915,96.965,96.8,96.825,48262.0
2009-06-19T00:00:00Z,96.84,96.935,96.825,96.93,32577.0
2009-06-22T00:00:00Z,96.935,96.97,96.895,96.945,36102.0
2009-06-23T00:00:00Z,96.96,96.975,96.875,96.9,28364.0
2009-06-24T00:00:00Z,96.915,97.005,96.905,96.95,40519.0
2009-06-25T00:00:00Z,96.945,97.065,96.91,97.065,27325.0
2009-06-26T00:00:00Z,97.04,97.055,96.925,96.99,26616.0
2009-06-29T00:00:00Z,97.0,97.015,96.94,97.005,42955.0
2009-06-30T00:00:00Z,97.0,97.01,96.935,97.005,34478.0
2009-07-01T00:00:00Z,97.005,97.03,96.98,97.005,16524.0
2009-07-02T00:00:00Z,97.0,97.195,96.995,97.135,44254.0
2009-07-03T00:00:00Z,97.165,97.19,97.12,97.14,19794.0
2009-07-06T00:00:00Z,97.17,97.195,97.15,97.16,17947.0
2009-07-07T00:00:00Z,97.155,97.185,97.13,97.185,22813.0
2009-07-08T00:00:00Z,97.18,97.215,97.14,97.195,19843.0
2009-07-09T00:00:00Z,97.19,97.195,97.095,97.11,29760.0
2009-07-10T00:00:00Z,97.14,97.15,97.105,97.115,22076.0
2009-07-13T00:00:00Z,97.135,97.15,97.09,97.095,21069.0
2009-07-14T00:00:00Z,97.09,97.1,97.02,97.04,59436.0
2009-07-15T00:00:00Z,97.045,97.06,96.965,96.965,31757.0
2009-07-16T00:00:00Z,96.99,97.08,96.965,97.055,36467.0
2009-07-17T00:00:00Z,97.055,97.065,96.99,97.005,41186.0
2009-07-20T00:00:00Z,96.99,97.05,96.92,97.045,40250.0
2009-07-21T00:00:00Z,97.025,97.11,97.0,97.09,47271.0
2009-07-22T00:00:00Z,97.075,97.135,97.05,97.09,25222.0
2009-07-23T00:00:00Z,97.08,97.135,97.005,97.005,30846.0
2009-07-24T00:00:00Z,97.035,97.05,96.97,97.015,33441.0
2009-07-27T00:00:00Z,97.005,97.005,96.925,96.965,28637.0
2009-07-28T00:00:00Z,96.965,97.04,96.895,96.99,37510.0
2009-07-29T00:00:00Z,96.995,97.06,96.965,97.025,32183.0
2009-07-30T00:00:00Z,97.02,97.065,96.965,97.05,30810.0
2009-07-31T00:00:00Z,97.05,97.14,97.04,97.14,61201.0
2009-08-03T00:00:00Z,97.135,97.155,96.965,96.965,55007.0
2009-08-04T00:00:00Z,96.985,97.03,96.91,96.93,59633.0
2009-08-05T00:00:00Z,96.925,96.975,96.83,96.935,85269.0
2009-08-06T00:00:00Z,96.905,97.01,96.87,96.92,50939.0
2009-08-07T00:00:00Z,96.915,96.935,96.73,96.78,41794.0
2009-08-10T00:00:00Z,96.755,96.86,96.735,96.86,32670.0
2009-08-11T00:00:00Z,96.86,96.89,96.8,96.885,24468.0
2009-08-12T00:00:00Z,96.895,96.95,96.875,96.89,41045.0
2009-08-13T00:00:00Z,96.875,97.02,96.845,97.015,31101.0
2009-08-14T00:00:00Z,97.015,97.1,96.975,97.065,34691.0
2009-08-17T00:00:00Z,97.095,97.15,97.055,97.07,41692.0
2009-08-18T00:00:00Z,97.06,97.11,97.015,97.09,28111.0
2009-08-19T00:00:00Z,97.105,97.17,97.105,97.115,28133.0
2009-08-20T00:00:00Z,97.12,97.165,97.09,97.15,30272.0
2009-08-21T00:00:00Z,97.165,97.185,97.035,97.045,23777.0
2009-08-24T00:00:00Z,97.045,97.11,97.015,97.105,22176.0
2009-08-25T00:00:00Z,97.1,97.14,97.095,97.135,17851.0
2009-08-26T00:00:00Z,97.14,97.185,97.1,97.175,26365.0
2009-08-27T00:00:00Z,97.195,97.21,97.14,97.2,18203.0
2009-08-28T00:00:00Z,97.19,97.2,97.145,97.19,14985.0
2009-08-31T00:00:00Z,97.19,97.245,97.19,97.235,15318.0
2009-09-01T00:00:00Z,97.235,97.32,97.205,97.315,41912.0
2009-09-02T00:00:00Z,97.32,97.325,97.27,97.32,32092.0
2009-09-03T00:00:00Z,97.315,97.315,97.245,97.285,47663.0
2009-09-04T00:00:00Z,97.28,97.3,97.24,97.28,37449.0
2009-09-07T00:00:00Z,97.3,97.315,97.255,97.295,25677.0
2009-09-08T00:00:00Z,97.305,97.315,97.275,97.3,40637.0
2009-09-09T00:00:00Z,97.3,97.325,97.22,97.25,49691.0
2009-09-10T00:00:00Z,97.26,97.34,97.255,97.33,56840.0
2009-09-11T00:00:00Z,97.325,97.385,97.31,97.355,57941.0
2009-09-14T00:00:00Z,97.365,97.375,97.275,97.29,61644.0
2009-09-15T00:00:00Z,97.085,97.105,97.025,97.07,36719.0
2009-09-16T00:00:00Z,97.07,97.13,97.02,97.03,36036.0
2009-09-17T00:00:00Z,97.035,97.055,96.98,97.045,37939.0
2009-09-18T00:00:00Z,97.055,97.09,97.0,97.01,20511.0
2009-09-21T00:00:00Z,97.01,97.055,96.965,97.02,20543.0
2009-09-22T00:00:00Z,97.035,97.04,96.97,97.04,23631.0
2009-09-23T00:00:00Z,97.04,97.115,97.0,97.105,32398.0
2009-09-24T00:00:00Z,97.105,97.19,97.1,97.145,45406.0
2009-09-25T00:00:00Z,97.155,97.205,97.135,97.185,33030.0
2009-09-28T00:00:00Z,97.2,97.22,97.17,97.205,23512.0
2009-09-29T00:00:00Z,97.195,97.21,97.12,97.195,32201.0
2009-09-30T00:00:00Z,97.19,97.235,97.135,97.195,50581.0
2009-10-01T00:00:00Z,97.215,97.295,97.16,97.285,46010.0
2009-10-02T00:00:00Z,97.305,97.315,97.245,97.26,31017.0
2009-10-05T00:00:00Z,97.26,97.295,97.245,97.25,23988.0
2009-10-06T00:00:00Z,97.225,97.26,97.215,97.245,30828.0
2009-10-07T00:00:00Z,97.25,97.3,97.235,97.29,39189.0
2009-10-08T00:00:00Z,97.275,97.31,97.235,97.265,53125.0
2009-10-09T00:00:00Z,97.255,97.255,97.14,97.175,60755.0
2009-10-12T00:00:00Z,97.17,97.23,97.125,97.23,29301.0
2009-10-13T00:00:00Z,97.215,97.285,97.2,97.27,39258.0
2009-10-14T00:00:00Z,97.26,97.265,97.205,97.21,27992.0
2009-10-15T00:00:00Z,97.2,97.22,97.075,97.09,71584.0
2009-10-16T00:00:00Z,97.1,97.115,97.055,97.075,99539.0
2009-10-19T00:00:00Z,97.09,97.11,97.025,97.105,47775.0
2009-10-20T00:00:00Z,97.095,97.165,97.065,97.165,27377.0
2009-10-21T00:00:00Z,97.16,97.16,97.055,97.09,44975.0
2009-10-22T00:00:00Z,97.08,97.11,97.06,97.09,29423.0
2009-10-23T00:00:00Z,97.05,97.085,97.01,97.05,33307.0
2009-10-26T00:00:00Z,97.04,97.05,97.005,97.01,30462.0
2009-10-27T00:00:00Z,97.02,97.145,97.0,97.14,42027.0
2009-10-28T00:00:00Z,97.135,97.175,97.115,97.155,41616.0
2009-10-29T00:00:00Z,97.16,97.165,97.055,97.065,58977.0
2009-10-30T00:00:00Z,97.08,97.19,97.075,97.17,26679.0
2009-11-02T00:00:00Z,97.145,97.19,97.14,97.16,19124.0
2009-11-03T00:00:00Z,97.16,97.235,97.13,97.135,41118.0
2009-11-04T00:00:00Z,97.14,97.14,97.075,97.105,47978.0
2009-11-05T00:00:00Z,97.115,97.155,97.03,97.105,97972.0
2009-11-06T00:00:00Z,97.095,97.14,97.085,97.11,45608.0
2009-11-09T00:00:00Z,97.095,97.185,97.095,97.175,41960.0
2009-11-10T00:00:00Z,97.195,97.225,97.17,97.175,51366.0
2009-11-11T00:00:00Z,97.195,97.215,97.165,97.195,33055.0
2009-11-12T00:00:00Z,97.205,97.24,97.17,97.215,42956.0
2009-11-13T00:00:00Z,97.235,97.26,97.21,97.235,45893.0
2009-11-16T00:00:00Z,97.25,97.315,97.225,97.315,40469.0
2009-11-17T00:00:00Z,97.295,97.34,97.28,97.325,69396.0
2009-11-18T00:00:00Z,97.32,97.345,97.3,97.335,36488.0
2009-11-19T00:00:00Z,97.335,97.365,97.3,97.36,33380.0
2009-11-20T00:00:00Z,97.35,97.37,97.305,97.32,66234.0
2009-11-23T00:00:00Z,97.315,97.34,97.25,97.29,34443.0
2009-11-24T00:00:00Z,97.305,97.355,97.28,97.355,36552.0
2009-11-25T00:00:00Z,97.355,97.355,97.27,97.305,43811.0
2009-11-26T00:00:00Z,97.32,97.425,97.31,97.41,38770.0
2009-11-27T00:00:00Z,97.4,97.495,97.39,97.41,97621.0
2009-11-30T00:00:00Z,97.415,97.43,97.38,97.42,28950.0
2009-12-01T00:00:00Z,97.425,97.48,97.395,97.44,42602.0
2009-12-02T00:00:00Z,97.445,97.47,97.41,97.41,56434.0
2009-12-03T00:00:00Z,97.42,97.435,97.335,97.38,118000.0
2009-12-04T00:00:00Z,97.375,97.425,97.26,97.29,150600.0
2009-12-07T00:00:00Z,97.285,97.34,97.27,97.325,53248.0
2009-12-08T00:00:00Z,97.32,97.45,97.32,97.425,60543.0
2009-12-09T00:00:00Z,97.43,97.45,97.39,97.42,81596.0
2009-12-10T00:00:00Z,97.415,97.44,97.38,97.425,74956.0
2009-12-11T00:00:00Z,97.415,97.43,97.37,97.405,48445.0
2009-12-14T00:00:00Z,97.4,97.435,97.38,97.41,67539.0
2009-12-15T00:00:00Z,97.305,97.305,97.235,97.26,30820.0
2009-12-16T00:00:00Z,97.26,97.33,97.25,97.315,37552.0
2009-12-17T00:00:00Z,97.325,97.4,97.315,97.385,25185.0
2009-12-18T00:00:00Z,97.37,97.415,97.36,97.39,25022.0
2009-12-21T00:00:00Z,97.385,97.4,97.34,97.345,8965.0
2009-12-22T00:00:00Z,97.34,97.345,97.31,97.335,13801.0
2009-12-23T00:00:00Z,97.325,97.35,97.28,97.31,18249.0
2009-12-24T00:00:00Z,97.33,97.33,97.235,97.245,3114.0
2009-12-28T00:00:00Z,97.25,97.255,97.235,97.24,4802.0
2009-12-29T00:00:00Z,97.21,97.235,97.185,97.21,19791.0
2009-12-30T00:00:00Z,97.205,97.215,97.135,97.145,23690.0
2009-12-31T00:00:00Z,97.12,97.125,97.065,97.1,5234.0
