,Date-Time,Open,High,Low,Close,Volume,trend_signal
0,2006-01-02 00:00:00+00:00,97.47,97.47,97.47,97.47,1834.0,0
1,2006-01-03 00:00:00+00:00,97.47,97.475,97.47,97.47,9098.0,0
2,2006-01-04 00:00:00+00:00,97.475,97.485,97.475,97.485,10380.0,0
3,2006-01-05 00:00:00+00:00,97.485,97.495,97.48,97.49,24395.0,0
4,2006-01-06 00:00:00+00:00,97.49,97.495,97.49,97.495,100.0,0
5,2006-01-09 00:00:00+00:00,97.49,97.495,97.49,97.49,1514.0,0
6,2006-01-10 00:00:00+00:00,97.49,97.49,97.48,97.48,7236.0,0
7,2006-01-11 00:00:00+00:00,97.48,97.48,97.475,97.48,952.0,0
8,2006-01-12 00:00:00+00:00,97.47,97.495,97.47,97.49,18566.0,0
9,2006-01-13 00:00:00+00:00,97.495,97.495,97.485,97.49,2008.0,0
10,2006-01-16 00:00:00+00:00,97.49,97.495,97.49,97.495,202.0,0
11,2006-01-17 00:00:00+00:00,97.415,97.42,97.415,97.415,10146.0,0
12,2006-01-18 00:00:00+00:00,97.425,97.425,97.41,97.41,4116.0,0
13,2006-01-19 00:00:00+00:00,97.41,97.41,97.395,97.395,4162.0,0
14,2006-01-20 00:00:00+00:00,97.405,97.41,97.4,97.4,7236.0,0
15,2006-01-23 00:00:00+00:00,97.415,97.415,97.4,97.405,2565.0,0
16,2006-01-24 00:00:00+00:00,97.405,97.415,97.405,97.41,7303.0,0
17,2006-01-25 00:00:00+00:00,97.405,97.41,97.4,97.405,3459.0,0
18,2006-01-26 00:00:00+00:00,97.41,97.415,97.41,97.41,2679.0,0
19,2006-01-27 00:00:00+00:00,97.41,97.41,97.405,97.405,2975.0,0
20,2006-01-30 00:00:00+00:00,97.41,97.41,97.4,97.4,1076.0,0
21,2006-01-31 00:00:00+00:00,97.405,97.41,97.405,97.405,7600.0,0
22,2006-02-01 00:00:00+00:00,97.405,97.405,97.4,97.4,2766.0,0
23,2006-02-02 00:00:00+00:00,97.4,97.42,97.4,97.405,6841.0,0
24,2006-02-03 00:00:00+00:00,97.41,97.41,97.41,97.41,600.0,0
25,2006-02-06 00:00:00+00:00,97.41,97.41,97.41,97.41,1000.0,0
26,2006-02-07 00:00:00+00:00,97.41,97.41,97.41,97.41,1660.0,0
27,2006-02-08 00:00:00+00:00,97.41,97.41,97.41,97.41,1844.0,0
28,2006-02-09 00:00:00+00:00,97.405,97.41,97.405,97.41,4799.0,0
29,2006-02-10 00:00:00+00:00,97.41,97.41,97.405,97.41,7518.0,0
30,2006-02-13 00:00:00+00:00,97.405,97.405,97.405,97.405,788.0,0
31,2006-02-14 00:00:00+00:00,97.315,97.325,97.315,97.325,119892.0,0
32,2006-02-15 00:00:00+00:00,97.325,97.325,97.32,97.325,34910.0,0
33,2006-02-16 00:00:00+00:00,97.325,97.325,97.315,97.32,105123.0,0
34,2006-02-17 00:00:00+00:00,97.325,97.335,97.32,97.33,132104.0,0
35,2006-02-20 00:00:00+00:00,97.325,97.33,97.32,97.325,84046.0,0
36,2006-02-21 00:00:00+00:00,97.325,97.33,97.32,97.32,88848.0,0
37,2006-02-22 00:00:00+00:00,97.32,97.325,97.315,97.32,119358.0,0
38,2006-02-23 00:00:00+00:00,97.32,97.325,97.31,97.315,195437.0,0
39,2006-02-24 00:00:00+00:00,97.315,97.32,97.305,97.31,137630.0,0
40,2006-02-27 00:00:00+00:00,97.31,97.315,97.305,97.305,124724.0,0
41,2006-02-28 00:00:00+00:00,97.305,97.31,97.305,97.305,55466.0,0
42,2006-03-01 00:00:00+00:00,97.31,97.31,97.3,97.31,145929.0,0
43,2006-03-02 00:00:00+00:00,97.305,97.32,97.3,97.305,342583.0,0
44,2006-03-03 00:00:00+00:00,97.3,97.305,97.295,97.295,173781.0,0
45,2006-03-06 00:00:00+00:00,97.3,97.305,97.295,97.305,90200.0,0
46,2006-03-07 00:00:00+00:00,97.3,97.305,97.295,97.305,149412.0,0
47,2006-03-08 00:00:00+00:00,97.305,97.305,97.3,97.3,70599.0,0
48,2006-03-09 00:00:00+00:00,97.305,97.305,97.3,97.3,64906.0,0
49,2006-03-10 00:00:00+00:00,97.3,97.305,97.295,97.295,154982.0,0
50,2006-03-13 00:00:00+00:00,97.3,97.3,97.295,97.3,38007.0,0
51,2006-03-14 00:00:00+00:00,97.205,97.215,97.205,97.21,29689.0,0
52,2006-03-15 00:00:00+00:00,97.21,97.22,97.21,97.215,8675.0,0
53,2006-03-16 00:00:00+00:00,97.215,97.215,97.205,97.21,17414.0,0
54,2006-03-17 00:00:00+00:00,97.215,97.215,97.195,97.195,11902.0,0
55,2006-03-20 00:00:00+00:00,97.19,97.195,97.185,97.19,21866.0,0
56,2006-03-21 00:00:00+00:00,97.185,97.185,97.18,97.185,7004.0,0
57,2006-03-22 00:00:00+00:00,97.185,97.19,97.185,97.19,7008.0,0
58,2006-03-23 00:00:00+00:00,97.19,97.195,97.185,97.185,10764.0,0
59,2006-03-24 00:00:00+00:00,97.18,97.19,97.18,97.19,2910.0,0
60,2006-03-27 00:00:00+00:00,97.195,97.195,97.185,97.185,5604.0,0
61,2006-03-28 00:00:00+00:00,97.18,97.18,97.145,97.145,15284.0,0
62,2006-03-29 00:00:00+00:00,97.145,97.145,97.13,97.14,9148.0,0
63,2006-03-30 00:00:00+00:00,97.135,97.135,97.13,97.135,11558.0,0
64,2006-03-31 00:00:00+00:00,97.135,97.135,97.13,97.13,9535.0,0
65,2006-04-03 00:00:00+00:00,97.13,97.135,97.125,97.125,10738.0,0
66,2006-04-04 00:00:00+00:00,97.13,97.13,97.125,97.125,21762.0,0
67,2006-04-05 00:00:00+00:00,97.125,97.135,97.125,97.135,21202.0,0
68,2006-04-06 00:00:00+00:00,97.135,97.225,97.125,97.22,42017.0,0
69,2006-04-07 00:00:00+00:00,97.23,97.23,97.215,97.22,13025.0,0
70,2006-04-10 00:00:00+00:00,97.22,97.22,97.22,97.22,2089.0,0
71,2006-04-11 00:00:00+00:00,97.225,97.23,97.225,97.225,8429.0,0
72,2006-04-12 00:00:00+00:00,97.23,97.235,97.23,97.23,6126.0,0
73,2006-04-13 00:00:00+00:00,97.235,97.235,97.23,97.23,1037.0,0
74,2006-04-18 00:00:00+00:00,97.145,97.155,97.145,97.155,1109.0,0
75,2006-04-19 00:00:00+00:00,97.155,97.155,97.14,97.14,1683.0,-1
76,2006-04-20 00:00:00+00:00,97.13,97.15,97.125,97.15,2420.0,-1
77,2006-04-21 00:00:00+00:00,97.15,97.15,97.15,97.15,3468.0,-1
78,2006-04-24 00:00:00+00:00,97.15,97.155,97.15,97.15,4208.0,-1
79,2006-04-25 00:00:00+00:00,97.145,97.145,97.13,97.135,10238.0,0
80,2006-04-26 00:00:00+00:00,97.12,97.12,97.105,97.11,6065.0,0
81,2006-04-27 00:00:00+00:00,97.11,97.11,97.065,97.105,9583.0,0
82,2006-04-28 00:00:00+00:00,97.095,97.1,97.095,97.1,2200.0,0
83,2006-05-02 00:00:00+00:00,97.1,97.105,97.1,97.1,2728.0,0
84,2006-05-03 00:00:00+00:00,97.095,97.115,97.095,97.11,10557.0,0
85,2006-05-04 00:00:00+00:00,97.11,97.12,97.105,97.115,17722.0,0
86,2006-05-05 00:00:00+00:00,97.105,97.115,97.095,97.115,754.0,0
87,2006-05-08 00:00:00+00:00,97.11,97.11,97.095,97.095,4026.0,0
88,2006-05-09 00:00:00+00:00,97.095,97.1,97.095,97.1,2754.0,0
89,2006-05-10 00:00:00+00:00,97.095,97.115,97.095,97.115,6584.0,0
90,2006-05-11 00:00:00+00:00,97.115,97.12,97.11,97.115,12373.0,0
91,2006-05-12 00:00:00+00:00,97.11,97.12,97.11,97.115,3440.0,0
92,2006-05-15 00:00:00+00:00,97.115,97.115,97.115,97.115,312.0,0
93,2006-05-16 00:00:00+00:00,96.98,96.99,96.97,96.985,324695.0,0
94,2006-05-17 00:00:00+00:00,96.985,96.99,96.965,96.98,248593.0,0
95,2006-05-18 00:00:00+00:00,96.98,96.99,96.975,96.985,198513.0,0
96,2006-05-19 00:00:00+00:00,96.98,96.99,96.97,96.975,191834.0,0
97,2006-05-22 00:00:00+00:00,96.97,96.99,96.97,96.99,177376.0,0
98,2006-05-23 00:00:00+00:00,96.985,96.99,96.98,96.985,118499.0,0
99,2006-05-24 00:00:00+00:00,96.99,97.005,96.985,96.995,294669.0,0
100,2006-05-25 00:00:00+00:00,97.0,97.01,96.995,97.0,140466.0,0
101,2006-05-26 00:00:00+00:00,97.0,97.005,96.995,97.0,81808.0,0
102,2006-05-29 00:00:00+00:00,97.005,97.005,97.0,97.005,23110.0,0
103,2006-05-30 00:00:00+00:00,97.0,97.005,96.985,96.985,238385.0,0
104,2006-05-31 00:00:00+00:00,96.985,96.995,96.965,96.965,287495.0,0
105,2006-06-01 00:00:00+00:00,96.97,96.97,96.95,96.965,233974.0,0
106,2006-06-02 00:00:00+00:00,96.96,96.99,96.96,96.985,284821.0,0
107,2006-06-05 00:00:00+00:00,96.98,96.985,96.965,96.965,194707.0,0
108,2006-06-06 00:00:00+00:00,96.965,96.975,96.955,96.955,239191.0,0
109,2006-06-07 00:00:00+00:00,96.96,96.97,96.955,96.96,224622.0,0
110,2006-06-08 00:00:00+00:00,96.965,97.03,96.965,97.02,799995.0,0
111,2006-06-09 00:00:00+00:00,97.025,97.04,97.025,97.035,297424.0,0
112,2006-06-12 00:00:00+00:00,97.035,97.04,97.03,97.035,140505.0,0
113,2006-06-13 00:00:00+00:00,97.035,97.04,97.025,97.03,400062.0,0
114,2006-06-14 00:00:00+00:00,97.025,97.035,97.02,97.02,141178.0,0
115,2006-06-15 00:00:00+00:00,97.025,97.03,97.02,97.03,150846.0,0
116,2006-06-16 00:00:00+00:00,97.025,97.035,97.025,97.03,170603.0,0
117,2006-06-19 00:00:00+00:00,97.03,97.03,97.025,97.025,50855.0,0
118,2006-06-20 00:00:00+00:00,96.925,96.93,96.915,96.915,9589.0,0
119,2006-06-21 00:00:00+00:00,96.92,96.925,96.92,96.92,5216.0,0
120,2006-06-22 00:00:00+00:00,96.92,96.92,96.92,96.92,14579.0,0
121,2006-06-23 00:00:00+00:00,96.915,96.92,96.915,96.915,7785.0,0
122,2006-06-26 00:00:00+00:00,96.91,96.91,96.89,96.895,16540.0,0
123,2006-06-27 00:00:00+00:00,96.895,96.895,96.87,96.875,18064.0,0
124,2006-06-28 00:00:00+00:00,96.88,96.89,96.875,96.88,50270.0,0
125,2006-06-29 00:00:00+00:00,96.875,96.915,96.875,96.905,21648.0,0
126,2006-06-30 00:00:00+00:00,96.905,96.905,96.88,96.895,20928.0,0
127,2006-07-03 00:00:00+00:00,96.895,96.9,96.89,96.9,5734.0,0
128,2006-07-04 00:00:00+00:00,96.895,96.905,96.895,96.9,6926.0,0
129,2006-07-05 00:00:00+00:00,96.9,96.905,96.895,96.9,69555.0,0
130,2006-07-06 00:00:00+00:00,96.9,96.915,96.875,96.885,47484.0,0
131,2006-07-07 00:00:00+00:00,96.885,96.895,96.885,96.895,13410.0,0
132,2006-07-10 00:00:00+00:00,96.895,96.9,96.895,96.9,3176.0,0
133,2006-07-11 00:00:00+00:00,96.895,96.9,96.895,96.9,2992.0,0
134,2006-07-12 00:00:00+00:00,96.895,96.895,96.89,96.895,4796.0,0
135,2006-07-13 00:00:00+00:00,96.9,96.9,96.895,96.895,6088.0,0
136,2006-07-14 00:00:00+00:00,96.9,96.905,96.9,96.905,5301.0,-1
137,2006-07-17 00:00:00+00:00,96.905,96.905,96.905,96.905,1272.0,0
138,2006-07-18 00:00:00+00:00,96.785,96.785,96.78,96.785,14487.0,0
139,2006-07-19 00:00:00+00:00,96.78,96.785,96.775,96.785,4332.0,0
140,2006-07-20 00:00:00+00:00,96.78,96.785,96.78,96.78,4940.0,0
141,2006-07-21 00:00:00+00:00,96.78,96.785,96.78,96.785,1784.0,0
142,2006-07-24 00:00:00+00:00,96.775,96.785,96.775,96.775,10594.0,0
143,2006-07-25 00:00:00+00:00,96.78,96.785,96.78,96.78,2360.0,0
144,2006-07-26 00:00:00+00:00,96.785,96.785,96.775,96.78,1789.0,0
145,2006-07-27 00:00:00+00:00,96.785,96.785,96.78,96.785,7196.0,0
146,2006-07-28 00:00:00+00:00,96.78,96.785,96.78,96.785,6331.0,0
147,2006-07-31 00:00:00+00:00,96.78,96.78,96.78,96.78,5264.0,0
148,2006-08-01 00:00:00+00:00,96.78,96.785,96.78,96.785,2670.0,0
149,2006-08-02 00:00:00+00:00,96.78,96.78,96.775,96.775,9730.0,0
150,2006-08-03 00:00:00+00:00,96.78,96.78,96.775,96.775,13090.0,0
151,2006-08-04 00:00:00+00:00,96.77,96.775,96.77,96.775,2210.0,0
152,2006-08-07 00:00:00+00:00,96.77,96.775,96.77,96.775,1020.0,0
153,2006-08-08 00:00:00+00:00,96.77,96.77,96.77,96.77,1520.0,0
154,2006-08-09 00:00:00+00:00,96.77,96.775,96.77,96.77,3279.0,0
155,2006-08-10 00:00:00+00:00,96.775,96.775,96.77,96.775,4569.0,0
156,2006-08-11 00:00:00+00:00,96.775,96.78,96.77,96.775,10584.0,-1
157,2006-08-14 00:00:00+00:00,96.775,96.775,96.77,96.775,1578.0,0
158,2006-08-15 00:00:00+00:00,96.655,96.66,96.65,96.655,141352.0,0
159,2006-08-16 00:00:00+00:00,96.655,96.66,96.655,96.655,74452.0,0
160,2006-08-17 00:00:00+00:00,96.66,96.665,96.655,96.655,150068.0,0
161,2006-08-18 00:00:00+00:00,96.655,96.66,96.655,96.655,69515.0,0
162,2006-08-21 00:00:00+00:00,96.66,96.665,96.655,96.66,157401.0,0
163,2006-08-22 00:00:00+00:00,96.665,96.67,96.66,96.665,206342.0,0
164,2006-08-23 00:00:00+00:00,96.665,96.67,96.66,96.66,61440.0,0
165,2006-08-24 00:00:00+00:00,96.66,96.715,96.655,96.665,170751.0,0
166,2006-08-25 00:00:00+00:00,96.665,96.67,96.66,96.665,46628.0,0
167,2006-08-28 00:00:00+00:00,96.665,96.67,96.665,96.665,11645.0,0
168,2006-08-29 00:00:00+00:00,96.665,96.67,96.655,96.67,159402.0,0
169,2006-08-30 00:00:00+00:00,96.67,96.675,96.665,96.665,172575.0,0
170,2006-08-31 00:00:00+00:00,96.67,96.68,96.655,96.66,256313.0,0
171,2006-09-01 00:00:00+00:00,96.665,96.665,96.66,96.665,42840.0,0
172,2006-09-04 00:00:00+00:00,96.66,96.665,96.66,96.665,29354.0,0
173,2006-09-05 00:00:00+00:00,96.66,96.665,96.655,96.66,107933.0,0
174,2006-09-06 00:00:00+00:00,96.66,96.66,96.655,96.655,97622.0,-1
175,2006-09-07 00:00:00+00:00,96.655,96.66,96.65,96.65,152897.0,-1
176,2006-09-08 00:00:00+00:00,96.65,96.665,96.645,96.65,115348.0,0
177,2006-09-11 00:00:00+00:00,96.65,96.655,96.645,96.645,87749.0,0
178,2006-09-12 00:00:00+00:00,96.645,96.65,96.64,96.65,125448.0,0
179,2006-09-13 00:00:00+00:00,96.645,96.65,96.645,96.645,77213.0,0
180,2006-09-14 00:00:00+00:00,96.65,96.65,96.645,96.65,51213.0,0
181,2006-09-15 00:00:00+00:00,96.645,96.66,96.645,96.655,186155.0,0
182,2006-09-18 00:00:00+00:00,96.655,96.665,96.655,96.66,106764.0,0
183,2006-09-19 00:00:00+00:00,96.49,96.5,96.49,96.495,18102.0,0
184,2006-09-20 00:00:00+00:00,96.495,96.5,96.495,96.495,15871.0,0
185,2006-09-21 00:00:00+00:00,96.495,96.505,96.495,96.505,14582.0,0
186,2006-09-22 00:00:00+00:00,96.55,96.55,96.5,96.51,8614.0,0
187,2006-09-25 00:00:00+00:00,96.515,96.535,96.515,96.53,4032.0,0
188,2006-09-26 00:00:00+00:00,96.52,96.525,96.515,96.515,11442.0,0
189,2006-09-27 00:00:00+00:00,96.51,96.52,96.505,96.515,41894.0,0
190,2006-09-28 00:00:00+00:00,96.51,96.515,96.505,96.51,13029.0,0
191,2006-09-29 00:00:00+00:00,96.51,96.51,96.505,96.505,7226.0,0
192,2006-10-02 00:00:00+00:00,96.51,96.515,96.505,96.505,7352.0,0
193,2006-10-03 00:00:00+00:00,96.51,96.515,96.505,96.505,16077.0,0
194,2006-10-04 00:00:00+00:00,96.505,96.51,96.5,96.51,24482.0,0
195,2006-10-05 00:00:00+00:00,96.505,96.515,96.5,96.51,20574.0,0
196,2006-10-06 00:00:00+00:00,96.51,96.515,96.51,96.515,17217.0,0
197,2006-10-09 00:00:00+00:00,96.51,96.515,96.51,96.51,4362.0,0
198,2006-10-10 00:00:00+00:00,96.51,96.51,96.505,96.505,12676.0,0
199,2006-10-11 00:00:00+00:00,96.505,96.505,96.5,96.5,9490.0,-1
200,2006-10-12 00:00:00+00:00,96.495,96.505,96.495,96.5,3582.0,0
201,2006-10-13 00:00:00+00:00,96.5,96.5,96.495,96.5,7738.0,0
202,2006-10-16 00:00:00+00:00,96.495,96.495,96.495,96.495,2826.0,0
203,2006-10-17 00:00:00+00:00,96.425,96.425,96.415,96.415,4507.0,0
204,2006-10-18 00:00:00+00:00,96.42,96.425,96.42,96.425,4787.0,0
205,2006-10-19 00:00:00+00:00,96.42,96.425,96.415,96.415,13214.0,0
206,2006-10-20 00:00:00+00:00,96.415,96.42,96.415,96.42,4212.0,0
207,2006-10-23 00:00:00+00:00,96.415,96.415,96.41,96.41,5274.0,0
208,2006-10-24 00:00:00+00:00,96.41,96.415,96.41,96.41,4502.0,0
209,2006-10-25 00:00:00+00:00,96.41,96.41,96.4,96.405,7076.0,0
210,2006-10-26 00:00:00+00:00,96.41,96.41,96.4,96.405,1133.0,0
211,2006-10-27 00:00:00+00:00,96.405,96.405,96.405,96.405,3569.0,0
212,2006-10-30 00:00:00+00:00,96.4,96.41,96.4,96.4,2084.0,0
213,2006-10-31 00:00:00+00:00,96.405,96.41,96.405,96.41,3392.0,0
214,2006-11-01 00:00:00+00:00,96.41,96.41,96.405,96.41,4308.0,0
215,2006-11-02 00:00:00+00:00,96.4,96.41,96.4,96.41,6182.0,0
216,2006-11-03 00:00:00+00:00,96.405,96.41,96.4,96.41,2581.0,0
217,2006-11-06 00:00:00+00:00,96.405,96.41,96.4,96.4,928.0,0
218,2006-11-07 00:00:00+00:00,96.405,96.41,96.4,96.4,674.0,0
219,2006-11-08 00:00:00+00:00,96.41,96.41,96.405,96.41,909.0,-1
220,2006-11-09 00:00:00+00:00,96.405,96.405,96.405,96.405,1538.0,0
221,2006-11-10 00:00:00+00:00,96.41,96.415,96.41,96.415,5480.0,-1
222,2006-11-13 00:00:00+00:00,96.41,96.41,96.41,96.41,1000.0,-1
223,2006-11-14 00:00:00+00:00,96.28,96.285,96.275,96.28,161808.0,0
224,2006-11-15 00:00:00+00:00,96.28,96.29,96.275,96.28,204084.0,0
225,2006-11-16 00:00:00+00:00,96.28,96.285,96.275,96.285,137533.0,0
226,2006-11-17 00:00:00+00:00,96.28,96.3,96.275,96.295,295607.0,0
227,2006-11-20 00:00:00+00:00,96.295,96.31,96.29,96.31,247910.0,0
228,2006-11-21 00:00:00+00:00,96.305,96.315,96.295,96.305,167110.0,0
229,2006-11-22 00:00:00+00:00,96.3,96.315,96.3,96.315,146792.0,0
230,2006-11-23 00:00:00+00:00,96.31,96.315,96.29,96.3,225089.0,0
231,2006-11-24 00:00:00+00:00,96.3,96.315,96.295,96.315,181636.0,0
232,2006-11-27 00:00:00+00:00,96.31,96.32,96.31,96.32,158339.0,0
233,2006-11-28 00:00:00+00:00,96.315,96.33,96.315,96.325,272774.0,0
234,2006-11-29 00:00:00+00:00,96.325,96.325,96.315,96.32,176649.0,0
235,2006-11-30 00:00:00+00:00,96.315,96.33,96.31,96.32,202743.0,0
236,2006-12-01 00:00:00+00:00,96.32,96.33,96.315,96.325,155814.0,0
237,2006-12-04 00:00:00+00:00,96.325,96.335,96.32,96.325,186724.0,0
238,2006-12-05 00:00:00+00:00,96.33,96.335,96.315,96.315,185715.0,0
239,2006-12-06 00:00:00+00:00,96.315,96.32,96.315,96.315,60645.0,0
240,2006-12-07 00:00:00+00:00,96.32,96.33,96.3,96.31,510403.0,0
241,2006-12-08 00:00:00+00:00,96.315,96.315,96.285,96.31,194777.0,-1
242,2006-12-11 00:00:00+00:00,96.305,96.315,96.305,96.315,96263.0,0
243,2006-12-12 00:00:00+00:00,96.31,96.315,96.31,96.315,92894.0,-1
244,2006-12-13 00:00:00+00:00,96.315,96.32,96.31,96.31,134538.0,0
245,2006-12-14 00:00:00+00:00,96.31,96.315,96.31,96.31,74741.0,0
246,2006-12-15 00:00:00+00:00,96.315,96.315,96.31,96.31,120671.0,0
247,2006-12-18 00:00:00+00:00,96.31,96.31,96.305,96.31,72930.0,0
248,2006-12-19 00:00:00+00:00,96.27,96.27,96.255,96.255,9209.0,0
249,2006-12-20 00:00:00+00:00,96.26,96.26,96.255,96.255,5916.0,0
250,2006-12-21 00:00:00+00:00,96.26,96.26,96.25,96.26,5846.0,0
251,2006-12-22 00:00:00+00:00,96.26,96.26,96.245,96.25,2800.0,0
252,2006-12-27 00:00:00+00:00,96.25,96.255,96.25,96.25,1690.0,0
253,2006-12-28 00:00:00+00:00,96.245,96.255,96.245,96.255,7543.0,0
254,2006-12-29 00:00:00+00:00,96.25,96.25,96.24,96.24,5025.0,0
255,2007-01-02 00:00:00+00:00,96.25,96.255,96.25,96.25,5674.0,0
256,2007-01-03 00:00:00+00:00,96.25,96.25,96.25,96.25,4604.0,0
257,2007-01-04 00:00:00+00:00,96.25,96.25,96.25,96.25,4561.0,0
258,2007-01-05 00:00:00+00:00,96.25,96.25,96.245,96.245,3000.0,0
259,2007-01-08 00:00:00+00:00,96.24,96.245,96.24,96.245,2528.0,0
260,2007-01-09 00:00:00+00:00,96.24,96.24,96.235,96.24,3977.0,0
261,2007-01-10 00:00:00+00:00,96.24,96.24,96.23,96.235,3738.0,0
262,2007-01-11 00:00:00+00:00,96.23,96.26,96.215,96.26,5387.0,-1
263,2007-01-12 00:00:00+00:00,96.255,96.255,96.255,96.255,1300.0,-1
264,2007-01-15 00:00:00+00:00,96.25,96.255,96.25,96.25,3056.0,0
265,2007-01-16 00:00:00+00:00,96.17,96.17,96.16,96.165,1682.0,0
266,2007-01-17 00:00:00+00:00,96.165,96.165,96.155,96.155,1547.0,0
267,2007-01-18 00:00:00+00:00,96.16,96.16,96.16,96.16,1233.0,0
268,2007-01-19 00:00:00+00:00,96.16,96.16,96.155,96.155,159.0,0
269,2007-01-22 00:00:00+00:00,96.16,96.165,96.16,96.16,490.0,0
270,2007-01-23 00:00:00+00:00,96.155,96.16,96.155,96.16,840.0,0
271,2007-01-24 00:00:00+00:00,96.155,96.155,96.155,96.155,311.0,0
272,2007-01-25 00:00:00+00:00,96.16,96.16,96.16,96.16,694.0,0
273,2007-01-26 00:00:00+00:00,96.16,96.165,96.155,96.16,2268.0,0
274,2007-01-29 00:00:00+00:00,96.165,96.165,96.16,96.16,1139.0,0
275,2007-01-30 00:00:00+00:00,96.16,96.165,96.16,96.16,1155.0,0
276,2007-01-31 00:00:00+00:00,96.16,96.165,96.16,96.165,2174.0,0
277,2007-02-01 00:00:00+00:00,96.16,96.165,96.16,96.165,1308.0,0
278,2007-02-02 00:00:00+00:00,96.165,96.175,96.165,96.175,4247.0,0
279,2007-02-05 00:00:00+00:00,96.175,96.175,96.175,96.175,4824.0,0
280,2007-02-06 00:00:00+00:00,96.17,96.17,96.17,96.17,2164.0,0
281,2007-02-07 00:00:00+00:00,96.17,96.17,96.16,96.165,4290.0,0
282,2007-02-08 00:00:00+00:00,96.165,96.175,96.165,96.165,4150.0,0
283,2007-02-09 00:00:00+00:00,96.165,96.165,96.165,96.165,699.0,0
284,2007-02-12 00:00:00+00:00,96.17,96.17,96.165,96.17,2207.0,0
285,2007-02-13 00:00:00+00:00,96.17,96.17,96.165,96.17,858.0,0
286,2007-02-14 00:00:00+00:00,96.165,96.17,96.165,96.17,3058.0,0
287,2007-02-15 00:00:00+00:00,96.175,96.175,96.17,96.17,1524.0,0
288,2007-02-16 00:00:00+00:00,96.17,96.175,96.165,96.175,745.0,0
289,2007-02-19 00:00:00+00:00,96.17,96.17,96.17,96.17,500.0,0
290,2007-02-20 00:00:00+00:00,96.085,96.09,96.08,96.09,102214.0,0
291,2007-02-21 00:00:00+00:00,96.085,96.09,96.085,96.09,38332.0,0
292,2007-02-22 00:00:00+00:00,96.085,96.09,96.085,96.085,45458.0,0
293,2007-02-23 00:00:00+00:00,96.085,96.09,96.085,96.09,47687.0,0
294,2007-02-26 00:00:00+00:00,96.085,96.095,96.085,96.095,272136.0,0
295,2007-02-27 00:00:00+00:00,96.09,96.13,96.09,96.115,435602.0,0
296,2007-02-28 00:00:00+00:00,96.11,96.115,96.095,96.095,222461.0,0
297,2007-03-01 00:00:00+00:00,96.1,96.115,96.09,96.1,285453.0,0
298,2007-03-02 00:00:00+00:00,96.1,96.115,96.1,96.115,191202.0,0
299,2007-03-05 00:00:00+00:00,96.115,96.13,96.105,96.105,511398.0,0
300,2007-03-06 00:00:00+00:00,96.105,96.11,96.09,96.095,312439.0,0
301,2007-03-07 00:00:00+00:00,96.095,96.1,96.095,96.1,47163.0,0
302,2007-03-08 00:00:00+00:00,96.095,96.1,96.085,96.09,413938.0,0
303,2007-03-09 00:00:00+00:00,96.09,96.095,96.085,96.09,151350.0,0
304,2007-03-12 00:00:00+00:00,96.09,96.095,96.085,96.095,122825.0,-1
305,2007-03-13 00:00:00+00:00,96.095,96.1,96.09,96.1,155531.0,-1
306,2007-03-14 00:00:00+00:00,96.1,96.11,96.095,96.095,103048.0,-1
307,2007-03-15 00:00:00+00:00,96.095,96.1,96.095,96.095,87620.0,-1
308,2007-03-16 00:00:00+00:00,96.095,96.105,96.095,96.1,231245.0,-1
309,2007-03-19 00:00:00+00:00,96.1,96.105,96.1,96.105,46130.0,-1
310,2007-03-20 00:00:00+00:00,96.06,96.065,96.055,96.06,19024.0,0
311,2007-03-21 00:00:00+00:00,96.055,96.07,96.055,96.065,17297.0,0
312,2007-03-22 00:00:00+00:00,96.065,96.065,96.06,96.06,438.0,0
313,2007-03-23 00:00:00+00:00,96.06,96.065,96.06,96.06,4500.0,0
314,2007-03-26 00:00:00+00:00,96.06,96.06,96.055,96.06,5414.0,0
315,2007-03-27 00:00:00+00:00,96.055,96.055,96.05,96.05,2550.0,0
316,2007-03-28 00:00:00+00:00,96.055,96.055,96.05,96.05,2659.0,0
317,2007-03-29 00:00:00+00:00,96.05,96.05,96.045,96.045,6115.0,0
318,2007-03-30 00:00:00+00:00,96.045,96.045,96.045,96.045,3984.0,0
319,2007-04-02 00:00:00+00:00,96.04,96.04,96.035,96.035,1382.0,0
320,2007-04-03 00:00:00+00:00,96.035,96.035,96.035,96.035,586.0,0
321,2007-04-04 00:00:00+00:00,96.035,96.04,96.03,96.03,14409.0,0
322,2007-04-05 00:00:00+00:00,96.03,96.035,96.03,96.03,402.0,0
323,2007-04-10 00:00:00+00:00,96.03,96.03,96.025,96.025,3168.0,0
324,2007-04-11 00:00:00+00:00,96.02,96.025,96.02,96.02,8040.0,0
325,2007-04-12 00:00:00+00:00,96.025,96.03,96.02,96.025,22327.0,0
326,2007-04-13 00:00:00+00:00,96.025,96.03,96.025,96.03,1033.0,0
327,2007-04-16 00:00:00+00:00,96.025,96.025,96.025,96.025,2748.0,0
328,2007-04-17 00:00:00+00:00,95.95,95.955,95.945,95.955,5808.0,0
329,2007-04-18 00:00:00+00:00,95.955,95.955,95.955,95.955,3264.0,0
330,2007-04-19 00:00:00+00:00,95.955,95.955,95.95,95.95,4213.0,0
331,2007-04-20 00:00:00+00:00,95.95,95.955,95.95,95.95,2451.0,0
332,2007-04-23 00:00:00+00:00,95.95,95.955,95.95,95.955,2400.0,0
333,2007-04-24 00:00:00+00:00,95.955,95.955,95.95,95.95,2592.0,0
334,2007-04-25 00:00:00+00:00,95.95,95.95,95.945,95.95,1319.0,0
335,2007-04-26 00:00:00+00:00,95.95,95.95,95.945,95.945,1053.0,0
336,2007-04-27 00:00:00+00:00,95.95,95.95,95.945,95.945,2854.0,0
337,2007-04-30 00:00:00+00:00,95.94,95.945,95.94,95.94,275.0,0
338,2007-05-02 00:00:00+00:00,95.94,95.94,95.94,95.94,835.0,0
339,2007-05-03 00:00:00+00:00,95.935,95.945,95.935,95.945,3422.0,0
340,2007-05-04 00:00:00+00:00,95.94,95.94,95.94,95.94,1140.0,0
341,2007-05-07 00:00:00+00:00,95.95,95.95,95.94,95.94,706.0,0
342,2007-05-08 00:00:00+00:00,95.935,95.94,95.935,95.935,1142.0,0
343,2007-05-09 00:00:00+00:00,95.935,95.935,95.935,95.935,624.0,0
344,2007-05-10 00:00:00+00:00,95.935,95.94,95.935,95.935,3894.0,0
345,2007-05-11 00:00:00+00:00,95.935,95.935,95.935,95.935,380.0,0
346,2007-05-14 00:00:00+00:00,95.935,95.935,95.935,95.935,700.0,0
347,2007-05-15 00:00:00+00:00,95.85,95.855,95.845,95.845,220128.0,0
348,2007-05-16 00:00:00+00:00,95.845,95.85,95.84,95.845,198729.0,0
349,2007-05-17 00:00:00+00:00,95.845,95.845,95.84,95.84,117645.0,0
350,2007-05-18 00:00:00+00:00,95.84,95.845,95.84,95.84,95152.0,0
351,2007-05-21 00:00:00+00:00,95.845,95.845,95.84,95.84,67971.0,0
352,2007-05-22 00:00:00+00:00,95.84,95.845,95.84,95.84,92125.0,0
353,2007-05-23 00:00:00+00:00,95.84,95.845,95.835,95.84,204753.0,0
354,2007-05-24 00:00:00+00:00,95.84,95.845,95.835,95.84,139365.0,0
355,2007-05-25 00:00:00+00:00,95.84,95.845,95.835,95.835,89865.0,0
356,2007-05-28 00:00:00+00:00,95.835,95.84,95.835,95.84,7191.0,0
357,2007-05-29 00:00:00+00:00,95.835,95.84,95.835,95.835,106686.0,0
358,2007-05-30 00:00:00+00:00,95.835,95.84,95.835,95.835,50807.0,0
359,2007-05-31 00:00:00+00:00,95.84,95.84,95.835,95.835,64440.0,0
360,2007-06-01 00:00:00+00:00,95.835,95.845,95.835,95.835,70945.0,0
361,2007-06-04 00:00:00+00:00,95.835,95.84,95.835,95.84,71959.0,0
362,2007-06-05 00:00:00+00:00,95.835,95.84,95.835,95.835,170119.0,0
363,2007-06-06 00:00:00+00:00,95.835,95.85,95.835,95.845,283265.0,0
364,2007-06-07 00:00:00+00:00,95.84,95.845,95.84,95.84,92886.0,-1
365,2007-06-08 00:00:00+00:00,95.84,95.85,95.84,95.845,171880.0,0
366,2007-06-11 00:00:00+00:00,95.845,95.85,95.845,95.85,83975.0,0
367,2007-06-12 00:00:00+00:00,95.845,95.85,95.845,95.845,57761.0,-1
368,2007-06-13 00:00:00+00:00,95.845,95.85,95.84,95.845,179989.0,-1
369,2007-06-14 00:00:00+00:00,95.845,95.85,95.84,95.85,116994.0,0
370,2007-06-15 00:00:00+00:00,95.85,95.85,95.845,95.845,81752.0,-1
371,2007-06-18 00:00:00+00:00,95.85,95.855,95.845,95.845,174858.0,0
372,2007-06-19 00:00:00+00:00,95.79,95.805,95.79,95.8,24013.0,0
373,2007-06-20 00:00:00+00:00,95.8,95.805,95.795,95.795,6101.0,0
374,2007-06-21 00:00:00+00:00,95.795,95.8,95.79,95.795,2125.0,0
375,2007-06-22 00:00:00+00:00,95.8,95.8,95.8,95.8,6610.0,0
376,2007-06-25 00:00:00+00:00,95.805,95.805,95.8,95.8,2909.0,0
377,2007-06-26 00:00:00+00:00,95.805,95.805,95.805,95.805,2500.0,0
378,2007-06-27 00:00:00+00:00,95.805,95.81,95.805,95.81,10518.0,0
379,2007-06-28 00:00:00+00:00,95.8,95.8,95.795,95.8,6344.0,0
380,2007-06-29 00:00:00+00:00,95.795,95.795,95.795,95.795,1800.0,0
381,2007-07-02 00:00:00+00:00,95.795,95.795,95.79,95.79,2024.0,0
382,2007-07-03 00:00:00+00:00,95.795,95.795,95.79,95.79,9642.0,0
383,2007-07-04 00:00:00+00:00,95.795,95.795,95.79,95.79,4002.0,0
384,2007-07-05 00:00:00+00:00,95.785,95.795,95.78,95.785,9462.0,0
385,2007-07-06 00:00:00+00:00,95.785,95.785,95.775,95.775,9717.0,0
386,2007-07-09 00:00:00+00:00,95.78,95.785,95.78,95.78,8969.0,0
387,2007-07-10 00:00:00+00:00,95.78,95.79,95.78,95.785,7178.0,0
388,2007-07-11 00:00:00+00:00,95.79,95.79,95.78,95.785,23494.0,0
389,2007-07-12 00:00:00+00:00,95.785,95.785,95.78,95.785,12302.0,0
390,2007-07-13 00:00:00+00:00,95.785,95.785,95.78,95.78,9350.0,0
391,2007-07-16 00:00:00+00:00,95.785,95.785,95.78,95.78,2169.0,0
392,2007-07-17 00:00:00+00:00,95.715,95.715,95.71,95.71,8166.0,0
393,2007-07-18 00:00:00+00:00,95.715,95.715,95.715,95.715,4315.0,0
394,2007-07-19 00:00:00+00:00,95.71,95.71,95.705,95.71,6227.0,0
395,2007-07-20 00:00:00+00:00,95.71,95.715,95.71,95.715,207.0,0
396,2007-07-23 00:00:00+00:00,95.71,95.72,95.7,95.7,2033.0,0
397,2007-07-24 00:00:00+00:00,95.7,95.705,95.7,95.705,2560.0,0
398,2007-07-25 00:00:00+00:00,95.71,95.71,95.71,95.71,84.0,0
399,2007-07-26 00:00:00+00:00,95.705,95.725,95.705,95.725,6026.0,0
400,2007-07-27 00:00:00+00:00,95.72,95.72,95.71,95.72,2150.0,0
401,2007-07-30 00:00:00+00:00,95.725,95.73,95.72,95.73,748.0,0
402,2007-07-31 00:00:00+00:00,95.71,95.715,95.7,95.7,2137.0,0
403,2007-08-02 00:00:00+00:00,95.705,95.705,95.695,95.695,6645.0,0
404,2007-08-03 00:00:00+00:00,95.695,95.695,95.685,95.685,5900.0,0
405,2007-08-06 00:00:00+00:00,95.69,95.69,95.685,95.685,5083.0,0
406,2007-08-07 00:00:00+00:00,95.68,95.685,95.67,95.67,5485.0,0
407,2007-08-08 00:00:00+00:00,95.65,95.65,95.64,95.64,5002.0,0
408,2007-08-09 00:00:00+00:00,95.64,95.64,95.605,95.615,10892.0,0
409,2007-08-10 00:00:00+00:00,95.625,95.625,95.55,95.55,13034.0,0
410,2007-08-13 00:00:00+00:00,95.5,95.5,95.48,95.48,1200.0,0
411,2007-08-14 00:00:00+00:00,95.635,95.65,95.59,95.63,671957.0,0
412,2007-08-15 00:00:00+00:00,95.63,95.64,95.575,95.6,471372.0,0
413,2007-08-16 00:00:00+00:00,95.6,95.625,95.515,95.59,746186.0,0
414,2007-08-17 00:00:00+00:00,95.59,95.74,95.53,95.64,1058488.0,0
415,2007-08-20 00:00:00+00:00,95.63,95.635,95.6,95.615,361725.0,0
416,2007-08-21 00:00:00+00:00,95.62,95.655,95.555,95.57,608402.0,0
417,2007-08-22 00:00:00+00:00,95.56,95.59,95.465,95.515,887524.0,0
418,2007-08-23 00:00:00+00:00,95.495,95.495,95.4,95.43,614157.0,0
419,2007-08-24 00:00:00+00:00,95.435,95.49,95.405,95.455,397484.0,0
420,2007-08-27 00:00:00+00:00,95.42,95.455,95.405,95.445,187552.0,0
421,2007-08-28 00:00:00+00:00,95.445,95.45,95.415,95.445,206244.0,0
422,2007-08-29 00:00:00+00:00,95.445,95.445,95.355,95.355,381047.0,0
423,2007-08-30 00:00:00+00:00,95.37,95.37,95.34,95.355,390575.0,0
424,2007-08-31 00:00:00+00:00,95.35,95.375,95.33,95.365,237492.0,0
425,2007-09-03 00:00:00+00:00,95.35,95.36,95.31,95.32,172631.0,0
426,2007-09-04 00:00:00+00:00,95.325,95.325,95.28,95.28,277883.0,0
427,2007-09-05 00:00:00+00:00,95.28,95.33,95.27,95.32,573753.0,0
428,2007-09-06 00:00:00+00:00,95.305,95.36,95.28,95.325,745681.0,0
429,2007-09-07 00:00:00+00:00,95.33,95.35,95.305,95.33,379528.0,0
430,2007-09-10 00:00:00+00:00,95.33,95.33,95.295,95.305,216314.0,0
431,2007-09-11 00:00:00+00:00,95.305,95.31,95.275,95.295,365028.0,0
432,2007-09-12 00:00:00+00:00,95.295,95.315,95.27,95.27,511861.0,0
433,2007-09-13 00:00:00+00:00,95.275,95.33,95.275,95.315,535241.0,0
434,2007-09-14 00:00:00+00:00,95.325,95.325,95.285,95.295,287401.0,0
435,2007-09-17 00:00:00+00:00,95.29,95.29,95.265,95.275,100953.0,0
436,2007-09-18 00:00:00+00:00,95.345,95.375,95.325,95.375,103248.0,-1
437,2007-09-19 00:00:00+00:00,95.35,95.38,95.34,95.37,64370.0,-1
438,2007-09-20 00:00:00+00:00,95.365,95.365,95.345,95.345,86757.0,-1
439,2007-09-21 00:00:00+00:00,95.345,95.345,95.32,95.32,57474.0,-1
440,2007-09-24 00:00:00+00:00,95.32,95.32,95.285,95.29,53724.0,-1
441,2007-09-25 00:00:00+00:00,95.28,95.29,95.265,95.27,54220.0,0
442,2007-09-26 00:00:00+00:00,95.265,95.27,95.245,95.255,129590.0,0
443,2007-09-27 00:00:00+00:00,95.24,95.245,95.225,95.24,58059.0,0
444,2007-09-28 00:00:00+00:00,95.23,95.255,95.23,95.255,55397.0,0
445,2007-10-01 00:00:00+00:00,95.24,95.255,95.24,95.245,34605.0,0
446,2007-10-02 00:00:00+00:00,95.24,95.24,95.23,95.235,33819.0,0
447,2007-10-03 00:00:00+00:00,95.23,95.25,95.23,95.245,46079.0,0
448,2007-10-04 00:00:00+00:00,95.245,95.27,95.23,95.255,103680.0,0
449,2007-10-05 00:00:00+00:00,95.265,95.27,95.25,95.265,50052.0,0
450,2007-10-08 00:00:00+00:00,95.265,95.265,95.255,95.26,24812.0,0
451,2007-10-09 00:00:00+00:00,95.27,95.28,95.255,95.275,31978.0,0
452,2007-10-10 00:00:00+00:00,95.285,95.285,95.265,95.265,41824.0,0
453,2007-10-11 00:00:00+00:00,95.27,95.31,95.27,95.305,147950.0,0
454,2007-10-12 00:00:00+00:00,95.31,95.345,95.3,95.33,61540.0,0
455,2007-10-15 00:00:00+00:00,95.32,95.33,95.32,95.325,38705.0,0
456,2007-10-16 00:00:00+00:00,95.495,95.5,95.48,95.485,31884.0,0
457,2007-10-17 00:00:00+00:00,95.485,95.485,95.435,95.46,27905.0,0
458,2007-10-18 00:00:00+00:00,95.45,95.45,95.425,95.435,22112.0,0
459,2007-10-19 00:00:00+00:00,95.43,95.48,95.41,95.47,24583.0,0
460,2007-10-22 00:00:00+00:00,95.455,95.475,95.455,95.47,15055.0,0
461,2007-10-23 00:00:00+00:00,95.455,95.46,95.445,95.46,11976.0,0
462,2007-10-24 00:00:00+00:00,95.46,95.465,95.455,95.46,19930.0,0
463,2007-10-25 00:00:00+00:00,95.46,95.47,95.45,95.465,28798.0,0
464,2007-10-26 00:00:00+00:00,95.46,95.465,95.455,95.465,29546.0,0
465,2007-10-29 00:00:00+00:00,95.465,95.465,95.45,95.45,27506.0,0
466,2007-10-30 00:00:00+00:00,95.445,95.445,95.43,95.435,20875.0,0
467,2007-10-31 00:00:00+00:00,95.43,95.44,95.42,95.42,22868.0,0
468,2007-11-01 00:00:00+00:00,95.425,95.46,95.42,95.44,26524.0,0
469,2007-11-02 00:00:00+00:00,95.435,95.435,95.415,95.42,28088.0,0
470,2007-11-05 00:00:00+00:00,95.415,95.43,95.415,95.415,44355.0,0
471,2007-11-06 00:00:00+00:00,95.425,95.425,95.415,95.415,21428.0,0
472,2007-11-07 00:00:00+00:00,95.42,95.43,95.415,95.42,17858.0,0
473,2007-11-08 00:00:00+00:00,95.425,95.455,95.425,95.455,44580.0,0
474,2007-11-09 00:00:00+00:00,95.45,95.455,95.44,95.45,21838.0,0
475,2007-11-12 00:00:00+00:00,95.45,95.45,95.43,95.44,4597.0,0
476,2007-11-13 00:00:00+00:00,95.44,95.45,95.435,95.435,10319.0,0
477,2007-11-14 00:00:00+00:00,95.43,95.43,95.425,95.43,4905.0,0
478,2007-11-15 00:00:00+00:00,95.425,95.425,95.405,95.405,21624.0,0
479,2007-11-16 00:00:00+00:00,95.405,95.41,95.39,95.39,37788.0,0
480,2007-11-19 00:00:00+00:00,95.4,95.4,95.385,95.39,29490.0,0
481,2007-11-20 00:00:00+00:00,95.385,95.385,95.35,95.38,338838.0,0
482,2007-11-21 00:00:00+00:00,95.375,95.41,95.35,95.395,378692.0,0
483,2007-11-22 00:00:00+00:00,95.4,95.4,95.35,95.36,198398.0,0
484,2007-11-23 00:00:00+00:00,95.37,95.395,95.34,95.38,232574.0,0
485,2007-11-26 00:00:00+00:00,95.37,95.375,95.345,95.37,210783.0,0
486,2007-11-27 00:00:00+00:00,95.35,95.365,95.31,95.315,185406.0,0
487,2007-11-28 00:00:00+00:00,95.32,95.32,95.27,95.28,417002.0,0
488,2007-11-29 00:00:00+00:00,95.28,95.295,95.26,95.27,349088.0,0
489,2007-11-30 00:00:00+00:00,95.265,95.275,95.24,95.265,287675.0,0
490,2007-12-03 00:00:00+00:00,95.26,95.265,95.2,95.2,288891.0,0
491,2007-12-04 00:00:00+00:00,95.205,95.205,95.165,95.17,363712.0,0
492,2007-12-05 00:00:00+00:00,95.175,95.205,95.16,95.195,305300.0,0
493,2007-12-06 00:00:00+00:00,95.195,95.22,95.11,95.115,637655.0,0
494,2007-12-07 00:00:00+00:00,95.125,95.14,95.11,95.13,268247.0,0
495,2007-12-10 00:00:00+00:00,95.13,95.135,95.105,95.125,226669.0,0
496,2007-12-11 00:00:00+00:00,95.13,95.135,95.05,95.06,485157.0,0
497,2007-12-12 00:00:00+00:00,95.065,95.235,95.055,95.125,698137.0,0
498,2007-12-13 00:00:00+00:00,95.125,95.13,95.07,95.075,340570.0,0
499,2007-12-14 00:00:00+00:00,95.08,95.08,95.065,95.075,186381.0,0
500,2007-12-17 00:00:00+00:00,95.075,95.075,95.06,95.06,162973.0,0
501,2007-12-18 00:00:00+00:00,95.4,95.435,95.395,95.425,37589.0,0
502,2007-12-19 00:00:00+00:00,95.41,95.45,95.41,95.415,50926.0,0
503,2007-12-20 00:00:00+00:00,95.415,95.415,95.38,95.41,47426.0,0
504,2007-12-21 00:00:00+00:00,95.41,95.42,95.39,95.395,27693.0,0
505,2007-12-24 00:00:00+00:00,95.405,95.41,95.39,95.39,9259.0,0
506,2007-12-27 00:00:00+00:00,95.395,95.415,95.395,95.41,22168.0,0
507,2007-12-28 00:00:00+00:00,95.42,95.425,95.4,95.42,57367.0,0
508,2007-12-31 00:00:00+00:00,95.415,95.435,95.415,95.425,2004.0,0
509,2008-01-02 00:00:00+00:00,95.39,95.43,95.385,95.42,51536.0,0
510,2008-01-03 00:00:00+00:00,95.42,95.435,95.415,95.435,35054.0,0
511,2008-01-04 00:00:00+00:00,95.43,95.44,95.42,95.435,40578.0,0
512,2008-01-07 00:00:00+00:00,95.435,95.44,95.42,95.435,20775.0,0
513,2008-01-08 00:00:00+00:00,95.435,95.445,95.43,95.43,37730.0,0
514,2008-01-09 00:00:00+00:00,95.425,95.435,95.42,95.42,43993.0,0
515,2008-01-10 00:00:00+00:00,95.435,95.44,95.415,95.425,49294.0,1
516,2008-01-11 00:00:00+00:00,95.43,95.445,95.425,95.445,65249.0,0
517,2008-01-14 00:00:00+00:00,95.42,95.455,95.42,95.445,29448.0,0
518,2008-01-15 00:00:00+00:00,95.535,95.56,95.525,95.545,37840.0,0
519,2008-01-16 00:00:00+00:00,95.585,95.635,95.565,95.63,32330.0,0
520,2008-01-17 00:00:00+00:00,95.605,95.655,95.605,95.65,36339.0,0
521,2008-01-18 00:00:00+00:00,95.645,95.665,95.63,95.655,28285.0,0
522,2008-01-21 00:00:00+00:00,95.685,95.695,95.66,95.68,23823.0,0
523,2008-01-22 00:00:00+00:00,95.725,95.82,95.725,95.755,48153.0,0
524,2008-01-23 00:00:00+00:00,95.77,95.89,95.765,95.765,40270.0,0
525,2008-01-24 00:00:00+00:00,95.815,95.815,95.645,95.645,60111.0,0
526,2008-01-25 00:00:00+00:00,95.62,95.675,95.595,95.63,20855.0,0
527,2008-01-28 00:00:00+00:00,95.65,95.66,95.6,95.6,11517.0,0
528,2008-01-29 00:00:00+00:00,95.625,95.63,95.6,95.615,27532.0,0
529,2008-01-30 00:00:00+00:00,95.63,95.645,95.61,95.645,20761.0,0
530,2008-01-31 00:00:00+00:00,95.645,95.68,95.635,95.67,43025.0,0
531,2008-02-01 00:00:00+00:00,95.655,95.67,95.615,95.615,24519.0,0
532,2008-02-04 00:00:00+00:00,95.63,95.635,95.6,95.62,26887.0,0
533,2008-02-05 00:00:00+00:00,95.62,95.65,95.6,95.65,40102.0,1
534,2008-02-06 00:00:00+00:00,95.63,95.655,95.63,95.645,18913.0,1
535,2008-02-07 00:00:00+00:00,95.64,95.72,95.64,95.72,51376.0,0
536,2008-02-08 00:00:00+00:00,95.705,95.715,95.68,95.715,16944.0,1
537,2008-02-11 00:00:00+00:00,95.675,95.69,95.655,95.675,7792.0,0
538,2008-02-12 00:00:00+00:00,95.6,95.675,95.6,95.67,9497.0,0
539,2008-02-13 00:00:00+00:00,95.665,95.665,95.655,95.66,18854.0,1
540,2008-02-14 00:00:00+00:00,95.65,95.66,95.64,95.64,24578.0,1
541,2008-02-15 00:00:00+00:00,95.64,95.65,95.64,95.65,14493.0,0
542,2008-02-18 00:00:00+00:00,95.65,95.65,95.64,95.64,2616.0,0
543,2008-02-19 00:00:00+00:00,95.66,95.665,95.63,95.64,236187.0,0
544,2008-02-20 00:00:00+00:00,95.64,95.65,95.615,95.635,259704.0,0
545,2008-02-21 00:00:00+00:00,95.63,95.635,95.59,95.615,368984.0,0
546,2008-02-22 00:00:00+00:00,95.62,95.63,95.605,95.61,179318.0,0
547,2008-02-25 00:00:00+00:00,95.61,95.615,95.59,95.6,186297.0,0
548,2008-02-26 00:00:00+00:00,95.595,95.62,95.59,95.605,241272.0,0
549,2008-02-27 00:00:00+00:00,95.605,95.605,95.575,95.595,317111.0,0
550,2008-02-28 00:00:00+00:00,95.6,95.605,95.58,95.6,222716.0,0
551,2008-02-29 00:00:00+00:00,95.605,95.64,95.6,95.635,297688.0,0
552,2008-03-03 00:00:00+00:00,95.64,95.645,95.6,95.61,270814.0,0
553,2008-03-04 00:00:00+00:00,95.605,95.61,95.575,95.575,282680.0,0
554,2008-03-05 00:00:00+00:00,95.58,95.585,95.56,95.57,317550.0,0
555,2008-03-06 00:00:00+00:00,95.57,95.57,95.51,95.52,435467.0,0
556,2008-03-07 00:00:00+00:00,95.52,95.535,95.435,95.445,663149.0,0
557,2008-03-10 00:00:00+00:00,95.45,95.45,95.365,95.38,403006.0,0
558,2008-03-11 00:00:00+00:00,95.39,95.44,95.375,95.395,452199.0,0
559,2008-03-12 00:00:00+00:00,95.415,95.415,95.385,95.4,279270.0,0
560,2008-03-13 00:00:00+00:00,95.4,95.405,95.355,95.37,321648.0,0
561,2008-03-14 00:00:00+00:00,95.375,95.39,95.35,95.375,288573.0,0
562,2008-03-17 00:00:00+00:00,95.385,95.415,95.345,95.355,226955.0,0
563,2008-03-18 00:00:00+00:00,95.48,95.49,95.43,95.43,70237.0,0
564,2008-03-19 00:00:00+00:00,95.425,95.46,95.4,95.405,68398.0,0
565,2008-03-20 00:00:00+00:00,95.4,95.415,95.375,95.38,29968.0,0
566,2008-03-25 00:00:00+00:00,95.315,95.36,95.315,95.335,23758.0,0
567,2008-03-26 00:00:00+00:00,95.33,95.34,95.3,95.32,39938.0,0
568,2008-03-27 00:00:00+00:00,95.315,95.375,95.29,95.36,77733.0,0
569,2008-03-28 00:00:00+00:00,95.36,95.4,95.33,95.38,68430.0,0
570,2008-03-31 00:00:00+00:00,95.37,95.38,95.335,95.35,33478.0,0
571,2008-04-01 00:00:00+00:00,95.35,95.35,95.31,95.31,30398.0,0
572,2008-04-02 00:00:00+00:00,95.305,95.305,95.27,95.27,38562.0,0
573,2008-04-03 00:00:00+00:00,95.26,95.285,95.255,95.28,36410.0,0
574,2008-04-04 00:00:00+00:00,95.28,95.325,95.27,95.305,44755.0,0
575,2008-04-07 00:00:00+00:00,95.33,95.33,95.275,95.28,17479.0,0
576,2008-04-08 00:00:00+00:00,95.275,95.295,95.27,95.27,27317.0,0
577,2008-04-09 00:00:00+00:00,95.27,95.275,95.26,95.275,23798.0,0
578,2008-04-10 00:00:00+00:00,95.26,95.28,95.255,95.255,51381.0,0
579,2008-04-11 00:00:00+00:00,95.25,95.26,95.245,95.255,59119.0,0
580,2008-04-14 00:00:00+00:00,95.245,95.25,95.245,95.245,19112.0,0
581,2008-04-15 00:00:00+00:00,95.265,95.29,95.26,95.26,63729.0,0
582,2008-04-16 00:00:00+00:00,95.255,95.28,95.21,95.22,62759.0,0
583,2008-04-17 00:00:00+00:00,95.235,95.24,95.195,95.215,31483.0,0
584,2008-04-18 00:00:00+00:00,95.23,95.23,95.145,95.185,38858.0,0
585,2008-04-21 00:00:00+00:00,95.19,95.21,95.18,95.19,20833.0,0
586,2008-04-22 00:00:00+00:00,95.17,95.175,95.1,95.12,44832.0,0
587,2008-04-23 00:00:00+00:00,95.14,95.155,95.12,95.135,35067.0,0
588,2008-04-24 00:00:00+00:00,95.135,95.15,95.115,95.115,21008.0,0
589,2008-04-25 00:00:00+00:00,95.125,95.14,95.1,95.125,11312.0,0
590,2008-04-28 00:00:00+00:00,95.14,95.155,95.14,95.155,23521.0,0
591,2008-04-29 00:00:00+00:00,95.16,95.185,95.145,95.175,60892.0,0
592,2008-04-30 00:00:00+00:00,95.18,95.19,95.17,95.175,17825.0,0
593,2008-05-01 00:00:00+00:00,95.19,95.195,95.185,95.195,986.0,0
594,2008-05-02 00:00:00+00:00,95.165,95.22,95.165,95.21,37058.0,0
595,2008-05-05 00:00:00+00:00,95.19,95.22,95.165,95.175,1366.0,0
596,2008-05-06 00:00:00+00:00,95.165,95.2,95.165,95.19,22083.0,0
597,2008-05-07 00:00:00+00:00,95.17,95.195,95.17,95.185,17749.0,0
598,2008-05-08 00:00:00+00:00,95.195,95.2,95.17,95.18,26750.0,-1
599,2008-05-09 00:00:00+00:00,95.175,95.18,95.17,95.175,17220.0,-1
600,2008-05-12 00:00:00+00:00,95.175,95.175,95.15,95.15,4313.0,0
601,2008-05-13 00:00:00+00:00,95.155,95.165,95.145,95.155,19397.0,-1
602,2008-05-14 00:00:00+00:00,95.145,95.145,95.135,95.14,26659.0,0
603,2008-05-15 00:00:00+00:00,95.135,95.165,95.13,95.135,19636.0,-1
604,2008-05-16 00:00:00+00:00,95.14,95.15,95.135,95.14,53721.0,-1
605,2008-05-19 00:00:00+00:00,95.14,95.145,95.14,95.14,15551.0,0
606,2008-05-20 00:00:00+00:00,95.18,95.2,95.165,95.195,261828.0,0
607,2008-05-21 00:00:00+00:00,95.2,95.205,95.165,95.17,311695.0,0
608,2008-05-22 00:00:00+00:00,95.165,95.18,95.14,95.15,193233.0,0
609,2008-05-23 00:00:00+00:00,95.145,95.17,95.125,95.15,200865.0,0
610,2008-05-26 00:00:00+00:00,95.145,95.155,95.145,95.15,32240.0,0
611,2008-05-27 00:00:00+00:00,95.15,95.16,95.14,95.145,128312.0,0
612,2008-05-28 00:00:00+00:00,95.145,95.155,95.14,95.155,197412.0,0
613,2008-05-29 00:00:00+00:00,95.145,95.155,95.12,95.13,172439.0,0
614,2008-05-30 00:00:00+00:00,95.135,95.14,95.115,95.115,124746.0,0
615,2008-06-02 00:00:00+00:00,95.125,95.14,95.12,95.135,148112.0,0
616,2008-06-03 00:00:00+00:00,95.135,95.14,95.105,95.115,173131.0,0
617,2008-06-04 00:00:00+00:00,95.115,95.13,95.105,95.11,137578.0,0
618,2008-06-05 00:00:00+00:00,95.115,95.12,94.94,94.955,571185.0,0
619,2008-06-06 00:00:00+00:00,94.96,94.98,94.92,94.97,330854.0,0
620,2008-06-09 00:00:00+00:00,94.965,95.025,94.96,95.0,296017.0,0
621,2008-06-10 00:00:00+00:00,95.0,95.03,94.99,95.015,226719.0,0
622,2008-06-11 00:00:00+00:00,95.015,95.055,95.015,95.035,208924.0,0
623,2008-06-12 00:00:00+00:00,95.035,95.04,95.025,95.035,207466.0,0
624,2008-06-13 00:00:00+00:00,95.04,95.04,95.03,95.035,165624.0,0
625,2008-06-16 00:00:00+00:00,95.035,95.04,95.035,95.035,46951.0,0
626,2008-06-17 00:00:00+00:00,94.945,94.975,94.93,94.955,45919.0,0
627,2008-06-18 00:00:00+00:00,94.96,94.97,94.945,94.96,26716.0,0
628,2008-06-19 00:00:00+00:00,94.97,94.975,94.955,94.965,33449.0,0
629,2008-06-20 00:00:00+00:00,94.965,94.99,94.96,94.97,26471.0,0
630,2008-06-23 00:00:00+00:00,94.985,94.99,94.97,94.985,24193.0,0
631,2008-06-24 00:00:00+00:00,94.98,95.01,94.98,95.005,17878.0,0
632,2008-06-25 00:00:00+00:00,95.02,95.02,95.0,95.01,26774.0,0
633,2008-06-26 00:00:00+00:00,95.025,95.04,95.02,95.04,70611.0,0
634,2008-06-27 00:00:00+00:00,95.05,95.055,95.035,95.045,48593.0,0
635,2008-06-30 00:00:00+00:00,95.055,95.055,95.025,95.035,10873.0,-1
636,2008-07-01 00:00:00+00:00,95.03,95.05,95.0,95.025,24887.0,-1
637,2008-07-02 00:00:00+00:00,95.025,95.03,95.01,95.03,54495.0,-1
638,2008-07-03 00:00:00+00:00,95.01,95.055,94.985,95.035,52608.0,-1
639,2008-07-04 00:00:00+00:00,95.04,95.055,95.035,95.04,8084.0,-1
640,2008-07-07 00:00:00+00:00,95.03,95.045,95.03,95.04,13620.0,0
641,2008-07-08 00:00:00+00:00,95.045,95.045,95.03,95.03,18678.0,0
642,2008-07-09 00:00:00+00:00,95.035,95.035,95.03,95.035,17174.0,0
643,2008-07-10 00:00:00+00:00,95.04,95.04,95.03,95.035,16825.0,0
644,2008-07-11 00:00:00+00:00,95.03,95.04,95.03,95.04,16516.0,0
645,2008-07-14 00:00:00+00:00,95.04,95.04,95.03,95.04,22986.0,0
646,2008-07-15 00:00:00+00:00,95.015,95.03,95.005,95.03,27118.0,0
647,2008-07-16 00:00:00+00:00,95.03,95.035,95.02,95.025,22019.0,0
648,2008-07-17 00:00:00+00:00,95.025,95.03,95.01,95.02,24913.0,0
649,2008-07-18 00:00:00+00:00,95.025,95.035,95.0,95.0,16541.0,0
650,2008-07-21 00:00:00+00:00,95.03,95.03,94.995,95.015,13783.0,0
651,2008-07-22 00:00:00+00:00,95.01,95.015,95.0,95.005,10176.0,0
652,2008-07-23 00:00:00+00:00,95.0,95.01,94.995,95.01,12628.0,0
653,2008-07-24 00:00:00+00:00,95.015,95.025,95.005,95.015,6462.0,0
654,2008-07-25 00:00:00+00:00,95.02,95.025,95.015,95.02,4048.0,0
655,2008-07-28 00:00:00+00:00,95.02,95.025,95.01,95.025,8950.0,-1
656,2008-07-29 00:00:00+00:00,95.025,95.03,95.02,95.03,13193.0,-1
657,2008-07-30 00:00:00+00:00,95.025,95.04,95.02,95.04,38414.0,1
658,2008-07-31 00:00:00+00:00,95.025,95.035,95.02,95.03,6512.0,1
659,2008-08-01 00:00:00+00:00,95.025,95.03,95.015,95.015,12957.0,0
660,2008-08-04 00:00:00+00:00,95.025,95.025,95.015,95.02,6064.0,1
661,2008-08-05 00:00:00+00:00,95.02,95.025,95.015,95.02,7542.0,-1
662,2008-08-06 00:00:00+00:00,95.025,95.03,95.02,95.025,7142.0,-1
663,2008-08-07 00:00:00+00:00,95.025,95.04,95.02,95.035,17596.0,0
664,2008-08-08 00:00:00+00:00,95.04,95.04,95.03,95.03,9065.0,0
665,2008-08-11 00:00:00+00:00,95.03,95.04,95.03,95.035,6370.0,0
666,2008-08-12 00:00:00+00:00,95.035,95.045,95.03,95.03,9809.0,0
667,2008-08-13 00:00:00+00:00,95.04,95.04,95.035,95.035,4864.0,0
668,2008-08-14 00:00:00+00:00,95.035,95.04,95.03,95.035,18232.0,0
669,2008-08-15 00:00:00+00:00,95.035,95.04,95.025,95.035,24272.0,0
670,2008-08-18 00:00:00+00:00,95.03,95.03,95.03,95.03,4425.0,1
671,2008-08-19 00:00:00+00:00,95.02,95.035,95.015,95.02,169291.0,0
672,2008-08-20 00:00:00+00:00,95.025,95.035,95.015,95.025,96723.0,1
673,2008-08-21 00:00:00+00:00,95.03,95.035,95.02,95.03,154972.0,0
674,2008-08-22 00:00:00+00:00,95.02,95.03,95.015,95.02,114771.0,1
675,2008-08-25 00:00:00+00:00,95.025,95.025,95.015,95.02,49401.0,1
676,2008-08-26 00:00:00+00:00,95.02,95.025,95.01,95.015,90410.0,0
677,2008-08-27 00:00:00+00:00,95.02,95.025,95.01,95.025,150595.0,0
678,2008-08-28 00:00:00+00:00,95.02,95.03,95.015,95.025,127390.0,1
679,2008-08-29 00:00:00+00:00,95.025,95.035,95.02,95.03,145307.0,1
680,2008-09-01 00:00:00+00:00,95.025,95.035,95.02,95.025,85429.0,1
681,2008-09-02 00:00:00+00:00,95.025,95.035,95.02,95.03,113771.0,1
682,2008-09-03 00:00:00+00:00,95.025,95.03,95.02,95.02,95298.0,0
683,2008-09-04 00:00:00+00:00,95.025,95.03,95.0,95.03,431483.0,-1
684,2008-09-05 00:00:00+00:00,95.03,95.03,95.02,95.025,80538.0,-1
685,2008-09-08 00:00:00+00:00,95.025,95.035,95.02,95.03,131465.0,0
686,2008-09-09 00:00:00+00:00,95.035,95.04,95.03,95.035,166538.0,0
687,2008-09-10 00:00:00+00:00,95.035,95.04,95.03,95.035,91459.0,1
688,2008-09-11 00:00:00+00:00,95.035,95.04,95.03,95.035,262842.0,0
689,2008-09-12 00:00:00+00:00,95.035,95.045,95.035,95.035,136371.0,0
690,2008-09-15 00:00:00+00:00,95.04,95.045,95.03,95.03,196338.0,0
691,2008-09-16 00:00:00+00:00,94.945,94.975,94.93,94.93,93523.0,0
692,2008-09-17 00:00:00+00:00,94.92,94.92,94.81,94.82,43545.0,0
693,2008-09-18 00:00:00+00:00,94.8,94.85,94.7,94.7,59068.0,0
694,2008-09-19 00:00:00+00:00,94.85,94.85,94.72,94.77,33928.0,0
695,2008-09-22 00:00:00+00:00,94.765,94.805,94.765,94.79,21095.0,0
696,2008-09-23 00:00:00+00:00,94.765,94.795,94.7,94.71,20795.0,0
697,2008-09-24 00:00:00+00:00,94.69,94.73,94.64,94.655,118845.0,0
698,2008-09-25 00:00:00+00:00,94.68,94.73,94.6,94.69,71852.0,0
699,2008-09-26 00:00:00+00:00,94.67,94.825,94.665,94.785,58152.0,0
700,2008-09-29 00:00:00+00:00,94.82,94.875,94.79,94.855,90261.0,0
701,2008-09-30 00:00:00+00:00,94.82,94.855,94.75,94.75,93657.0,0
702,2008-10-01 00:00:00+00:00,94.75,94.815,94.7,94.8,72296.0,0
703,2008-10-02 00:00:00+00:00,94.79,94.8,94.73,94.73,99906.0,0
704,2008-10-03 00:00:00+00:00,94.75,94.795,94.745,94.77,36339.0,0
705,2008-10-06 00:00:00+00:00,94.8,94.865,94.75,94.81,88302.0,0
706,2008-10-07 00:00:00+00:00,94.83,94.87,94.73,94.78,61880.0,-1
707,2008-10-08 00:00:00+00:00,94.79,94.93,94.7,94.81,121980.0,0
708,2008-10-09 00:00:00+00:00,94.75,94.75,94.645,94.72,52398.0,-1
709,2008-10-10 00:00:00+00:00,94.68,94.805,94.65,94.755,95771.0,-1
710,2008-10-13 00:00:00+00:00,94.67,94.725,94.665,94.695,106905.0,-1
711,2008-10-14 00:00:00+00:00,95.715,95.715,95.53,95.67,69591.0,0
712,2008-10-15 00:00:00+00:00,95.69,95.69,95.51,95.635,53658.0,0
713,2008-10-16 00:00:00+00:00,95.635,95.73,95.585,95.68,48592.0,0
714,2008-10-17 00:00:00+00:00,95.675,95.81,95.64,95.795,36936.0,0
715,2008-10-20 00:00:00+00:00,95.81,95.83,95.745,95.81,21872.0,0
716,2008-10-21 00:00:00+00:00,95.785,95.82,95.725,95.76,31054.0,0
717,2008-10-22 00:00:00+00:00,95.755,95.785,95.67,95.675,38683.0,0
718,2008-10-23 00:00:00+00:00,95.67,95.685,95.61,95.615,59151.0,0
719,2008-10-24 00:00:00+00:00,95.615,95.68,95.58,95.605,26436.0,0
720,2008-10-27 00:00:00+00:00,95.64,95.75,95.635,95.74,26027.0,0
721,2008-10-28 00:00:00+00:00,95.705,95.77,95.7,95.755,18308.0,0
722,2008-10-29 00:00:00+00:00,95.775,95.82,95.74,95.815,28558.0,0
723,2008-10-30 00:00:00+00:00,95.79,95.835,95.785,95.83,24913.0,0
724,2008-10-31 00:00:00+00:00,95.85,95.895,95.825,95.87,25076.0,0
725,2008-11-03 00:00:00+00:00,95.85,95.85,95.76,95.77,23369.0,0
726,2008-11-04 00:00:00+00:00,95.84,95.84,95.76,95.77,21341.0,0
727,2008-11-05 00:00:00+00:00,95.79,95.805,95.735,95.77,20760.0,0
728,2008-11-06 00:00:00+00:00,95.76,96.17,95.755,95.785,67935.0,1
729,2008-11-07 00:00:00+00:00,95.765,95.855,95.765,95.82,44666.0,1
730,2008-11-10 00:00:00+00:00,95.78,95.87,95.77,95.87,21615.0,0
731,2008-11-11 00:00:00+00:00,95.88,95.89,95.835,95.88,34630.0,0
732,2008-11-12 00:00:00+00:00,95.845,95.9,95.845,95.87,23511.0,0
733,2008-11-13 00:00:00+00:00,95.855,95.855,95.815,95.84,22362.0,0
734,2008-11-14 00:00:00+00:00,95.815,95.815,95.78,95.81,26835.0,0
735,2008-11-17 00:00:00+00:00,95.8,95.8,95.775,95.79,11220.0,1
736,2008-11-18 00:00:00+00:00,96.445,96.485,96.425,96.475,171563.0,0
737,2008-11-19 00:00:00+00:00,96.475,96.59,96.475,96.59,170345.0,0
738,2008-11-20 00:00:00+00:00,96.57,96.72,96.57,96.715,319723.0,0
739,2008-11-21 00:00:00+00:00,96.665,96.685,96.585,96.675,212785.0,0
740,2008-11-24 00:00:00+00:00,96.65,96.665,96.55,96.565,139953.0,0
741,2008-11-25 00:00:00+00:00,96.58,96.59,96.465,96.505,216722.0,0
742,2008-11-26 00:00:00+00:00,96.49,96.535,96.475,96.52,186590.0,0
743,2008-11-27 00:00:00+00:00,96.51,96.52,96.475,96.5,150624.0,0
744,2008-11-28 00:00:00+00:00,96.515,96.535,96.475,96.485,135353.0,0
745,2008-12-01 00:00:00+00:00,96.48,96.525,96.425,96.505,199282.0,0
746,2008-12-02 00:00:00+00:00,96.515,96.56,96.505,96.555,139089.0,0
747,2008-12-03 00:00:00+00:00,96.55,96.63,96.54,96.595,155639.0,0
748,2008-12-04 00:00:00+00:00,96.6,96.76,96.5,96.525,539279.0,0
749,2008-12-05 00:00:00+00:00,96.535,96.575,96.485,96.545,211579.0,0
750,2008-12-08 00:00:00+00:00,96.535,96.64,96.515,96.63,240931.0,0
751,2008-12-09 00:00:00+00:00,96.63,96.675,96.63,96.675,247396.0,0
752,2008-12-10 00:00:00+00:00,96.675,96.745,96.67,96.745,238884.0,1
753,2008-12-11 00:00:00+00:00,96.755,96.77,96.73,96.74,263271.0,0
754,2008-12-12 00:00:00+00:00,96.74,96.785,96.74,96.75,215533.0,0
755,2008-12-15 00:00:00+00:00,96.75,96.765,96.75,96.76,80167.0,0
756,2008-12-16 00:00:00+00:00,97.11,97.27,97.11,97.27,61075.0,0
757,2008-12-17 00:00:00+00:00,97.225,97.31,97.195,97.25,8215.0,0
758,2008-12-18 00:00:00+00:00,97.275,97.315,97.27,97.275,27017.0,0
759,2008-12-19 00:00:00+00:00,97.28,97.315,97.27,97.315,17607.0,0
760,2008-12-22 00:00:00+00:00,97.305,97.38,97.29,97.375,5172.0,0
761,2008-12-23 00:00:00+00:00,97.36,97.415,97.345,97.415,16365.0,0
762,2008-12-24 00:00:00+00:00,97.375,97.375,97.365,97.365,626.0,0
763,2008-12-29 00:00:00+00:00,97.4,97.405,97.375,97.375,36353.0,0
764,2008-12-30 00:00:00+00:00,97.395,97.4,97.36,97.36,46895.0,0
765,2008-12-31 00:00:00+00:00,97.36,97.38,97.36,97.37,10082.0,0
766,2009-01-02 00:00:00+00:00,97.375,97.375,97.36,97.37,15547.0,0
767,2009-01-05 00:00:00+00:00,97.375,97.385,97.365,97.37,27272.0,0
768,2009-01-06 00:00:00+00:00,97.375,97.4,97.37,97.39,13476.0,0
769,2009-01-07 00:00:00+00:00,97.405,97.455,97.395,97.435,18793.0,0
770,2009-01-08 00:00:00+00:00,97.425,97.47,97.4,97.46,38304.0,0
771,2009-01-09 00:00:00+00:00,97.445,97.57,97.445,97.515,19710.0,0
772,2009-01-12 00:00:00+00:00,97.55,97.57,97.525,97.565,22077.0,0
773,2009-01-13 00:00:00+00:00,97.54,97.58,97.54,97.56,16388.0,0
774,2009-01-14 00:00:00+00:00,97.56,97.575,97.535,97.54,34113.0,0
775,2009-01-15 00:00:00+00:00,97.55,97.61,97.55,97.555,50240.0,0
776,2009-01-16 00:00:00+00:00,97.55,97.585,97.545,97.58,32961.0,0
777,2009-01-19 00:00:00+00:00,97.595,97.6,97.58,97.58,10890.0,0
778,2009-01-20 00:00:00+00:00,97.88,97.925,97.87,97.925,18547.0,0
779,2009-01-21 00:00:00+00:00,97.94,98.0,97.935,97.99,28933.0,0
780,2009-01-22 00:00:00+00:00,97.995,98.065,97.98,98.045,28817.0,0
781,2009-01-23 00:00:00+00:00,98.085,98.1,98.04,98.04,20220.0,0
782,2009-01-26 00:00:00+00:00,98.055,98.075,97.96,98.005,43083.0,0
783,2009-01-27 00:00:00+00:00,98.025,98.025,97.955,97.98,25532.0,0
784,2009-01-28 00:00:00+00:00,97.99,98.035,97.99,98.035,24464.0,0
785,2009-01-29 00:00:00+00:00,98.02,98.045,98.02,98.04,17376.0,0
786,2009-01-30 00:00:00+00:00,98.035,98.055,98.015,98.045,10711.0,0
787,2009-02-02 00:00:00+00:00,98.02,98.045,98.01,98.015,5566.0,0
788,2009-02-03 00:00:00+00:00,98.015,98.025,98.01,98.02,5053.0,0
789,2009-02-04 00:00:00+00:00,98.02,98.035,98.015,98.035,12679.0,0
790,2009-02-05 00:00:00+00:00,98.04,98.07,98.025,98.055,35744.0,0
791,2009-02-06 00:00:00+00:00,98.055,98.07,98.045,98.07,10416.0,0
792,2009-02-09 00:00:00+00:00,98.06,98.06,98.05,98.055,15374.0,0
793,2009-02-10 00:00:00+00:00,98.06,98.065,98.045,98.045,14553.0,0
794,2009-02-11 00:00:00+00:00,98.055,98.065,98.05,98.06,24493.0,1
795,2009-02-12 00:00:00+00:00,98.06,98.075,98.055,98.065,26792.0,1
796,2009-02-13 00:00:00+00:00,98.05,98.075,98.05,98.07,16647.0,0
797,2009-02-16 00:00:00+00:00,98.07,98.07,98.065,98.07,640.0,0
798,2009-02-17 00:00:00+00:00,98.315,98.335,98.27,98.3,301057.0,0
799,2009-02-18 00:00:00+00:00,98.3,98.31,98.26,98.27,231236.0,0
800,2009-02-19 00:00:00+00:00,98.265,98.27,98.24,98.255,299823.0,0
801,2009-02-20 00:00:00+00:00,98.25,98.31,98.25,98.29,203109.0,0
802,2009-02-23 00:00:00+00:00,98.28,98.29,98.255,98.28,119943.0,0
803,2009-02-24 00:00:00+00:00,98.27,98.31,98.27,98.3,194106.0,0
804,2009-02-25 00:00:00+00:00,98.31,98.34,98.3,98.32,289065.0,0
805,2009-02-26 00:00:00+00:00,98.325,98.345,98.31,98.34,227738.0,0
806,2009-02-27 00:00:00+00:00,98.33,98.355,98.325,98.335,131374.0,0
807,2009-03-02 00:00:00+00:00,98.35,98.365,98.33,98.355,149634.0,0
808,2009-03-03 00:00:00+00:00,98.355,98.395,98.34,98.39,311300.0,0
809,2009-03-04 00:00:00+00:00,98.38,98.41,98.375,98.405,206522.0,0
810,2009-03-05 00:00:00+00:00,98.4,98.42,98.34,98.345,489728.0,0
811,2009-03-06 00:00:00+00:00,98.35,98.37,98.33,98.35,236401.0,0
812,2009-03-09 00:00:00+00:00,98.34,98.35,98.325,98.345,252420.0,0
813,2009-03-10 00:00:00+00:00,98.335,98.36,98.33,98.355,215492.0,0
814,2009-03-11 00:00:00+00:00,98.35,98.37,98.35,98.365,190878.0,0
815,2009-03-12 00:00:00+00:00,98.365,98.39,98.365,98.365,290396.0,0
816,2009-03-13 00:00:00+00:00,98.37,98.375,98.365,98.37,190543.0,0
817,2009-03-16 00:00:00+00:00,98.365,98.375,98.365,98.375,89299.0,0
818,2009-03-17 00:00:00+00:00,98.45,98.495,98.45,98.475,64722.0,0
819,2009-03-18 00:00:00+00:00,98.5,98.595,98.495,98.585,33270.0,0
820,2009-03-19 00:00:00+00:00,98.53,98.545,98.505,98.515,21000.0,0
821,2009-03-20 00:00:00+00:00,98.53,98.56,98.53,98.55,22531.0,0
822,2009-03-23 00:00:00+00:00,98.545,98.56,98.54,98.555,23487.0,0
823,2009-03-24 00:00:00+00:00,98.545,98.555,98.52,98.525,27535.0,0
824,2009-03-25 00:00:00+00:00,98.53,98.545,98.52,98.525,32629.0,0
825,2009-03-26 00:00:00+00:00,98.53,98.54,98.525,98.535,40631.0,0
826,2009-03-27 00:00:00+00:00,98.545,98.595,98.545,98.585,41993.0,0
827,2009-03-30 00:00:00+00:00,98.585,98.605,98.58,98.585,28498.0,0
828,2009-03-31 00:00:00+00:00,98.59,98.605,98.585,98.605,18623.0,0
829,2009-04-01 00:00:00+00:00,98.6,98.62,98.6,98.615,28739.0,0
830,2009-04-02 00:00:00+00:00,98.6,98.62,98.53,98.54,65318.0,0
831,2009-04-03 00:00:00+00:00,98.53,98.575,98.515,98.54,30675.0,0
832,2009-04-06 00:00:00+00:00,98.545,98.57,98.545,98.565,14204.0,0
833,2009-04-07 00:00:00+00:00,98.575,98.575,98.565,98.565,19184.0,1
834,2009-04-08 00:00:00+00:00,98.58,98.58,98.555,98.565,45106.0,0
835,2009-04-09 00:00:00+00:00,98.56,98.565,98.56,98.565,10001.0,1
836,2009-04-14 00:00:00+00:00,98.685,98.72,98.685,98.7,21132.0,0
837,2009-04-15 00:00:00+00:00,98.7,98.725,98.7,98.715,13387.0,0
838,2009-04-16 00:00:00+00:00,98.695,98.705,98.685,98.685,16727.0,0
839,2009-04-17 00:00:00+00:00,98.69,98.695,98.65,98.66,20165.0,0
840,2009-04-20 00:00:00+00:00,98.65,98.65,98.61,98.635,16755.0,0
841,2009-04-21 00:00:00+00:00,98.635,98.65,98.615,98.615,11510.0,1
842,2009-04-22 00:00:00+00:00,98.625,98.64,98.61,98.615,8952.0,1
843,2009-04-23 00:00:00+00:00,98.615,98.635,98.605,98.635,11734.0,0
844,2009-04-24 00:00:00+00:00,98.645,98.66,98.635,98.655,11062.0,0
845,2009-04-27 00:00:00+00:00,98.665,98.67,98.645,98.66,6740.0,0
846,2009-04-28 00:00:00+00:00,98.65,98.68,98.65,98.67,17762.0,0
847,2009-04-29 00:00:00+00:00,98.665,98.7,98.655,98.7,14705.0,0
848,2009-04-30 00:00:00+00:00,98.69,98.71,98.685,98.705,6235.0,0
849,2009-05-01 00:00:00+00:00,98.705,98.71,98.705,98.71,14.0,0
850,2009-05-04 00:00:00+00:00,98.705,98.72,98.695,98.71,3613.0,0
851,2009-05-05 00:00:00+00:00,98.71,98.73,98.71,98.725,10765.0,0
852,2009-05-06 00:00:00+00:00,98.725,98.74,98.725,98.735,9718.0,0
853,2009-05-07 00:00:00+00:00,98.74,98.77,98.72,98.755,19727.0,0
854,2009-05-08 00:00:00+00:00,98.75,98.77,98.74,98.76,14674.0,0
855,2009-05-11 00:00:00+00:00,98.765,98.77,98.73,98.76,14011.0,0
856,2009-05-12 00:00:00+00:00,98.75,98.755,98.745,98.745,4412.0,0
857,2009-05-13 00:00:00+00:00,98.745,98.76,98.74,98.76,5070.0,0
858,2009-05-14 00:00:00+00:00,98.755,98.765,98.745,98.75,14196.0,0
859,2009-05-15 00:00:00+00:00,98.76,98.765,98.755,98.755,8770.0,0
860,2009-05-18 00:00:00+00:00,98.755,98.76,98.755,98.76,15815.0,0
861,2009-05-19 00:00:00+00:00,98.895,98.9,98.835,98.85,299270.0,0
862,2009-05-20 00:00:00+00:00,98.855,98.865,98.8,98.81,404768.0,0
863,2009-05-21 00:00:00+00:00,98.815,98.83,98.79,98.8,226720.0,0
864,2009-05-22 00:00:00+00:00,98.805,98.805,98.765,98.765,258734.0,0
865,2009-05-25 00:00:00+00:00,98.77,98.78,98.76,98.76,64143.0,0
866,2009-05-26 00:00:00+00:00,98.755,98.8,98.755,98.775,288356.0,0
867,2009-05-27 00:00:00+00:00,98.775,98.79,98.755,98.775,199794.0,1
868,2009-05-28 00:00:00+00:00,98.765,98.79,98.765,98.78,171696.0,1
869,2009-05-29 00:00:00+00:00,98.785,98.81,98.775,98.8,189743.0,0
870,2009-06-01 00:00:00+00:00,98.8,98.8,98.775,98.785,131976.0,0
871,2009-06-02 00:00:00+00:00,98.79,98.82,98.78,98.81,294767.0,0
872,2009-06-03 00:00:00+00:00,98.81,98.82,98.785,98.785,277612.0,0
873,2009-06-04 00:00:00+00:00,98.785,98.795,98.69,98.715,515456.0,0
874,2009-06-05 00:00:00+00:00,98.71,98.73,98.685,98.695,325031.0,0
875,2009-06-08 00:00:00+00:00,98.7,98.71,98.675,98.69,161239.0,0
876,2009-06-09 00:00:00+00:00,98.69,98.71,98.675,98.695,177579.0,0
877,2009-06-10 00:00:00+00:00,98.695,98.725,98.695,98.715,189188.0,0
878,2009-06-11 00:00:00+00:00,98.71,98.73,98.71,98.72,232428.0,0
879,2009-06-12 00:00:00+00:00,98.725,98.74,98.72,98.735,190239.0,0
880,2009-06-15 00:00:00+00:00,98.735,98.75,98.73,98.735,30370.0,0
881,2009-06-16 00:00:00+00:00,98.79,98.81,98.775,98.81,38866.0,0
882,2009-06-17 00:00:00+00:00,98.81,98.815,98.8,98.815,39774.0,0
883,2009-06-18 00:00:00+00:00,98.815,98.845,98.81,98.815,59394.0,1
884,2009-06-19 00:00:00+00:00,98.815,98.845,98.815,98.84,36302.0,0
885,2009-06-22 00:00:00+00:00,98.85,98.86,98.845,98.855,22200.0,0
886,2009-06-23 00:00:00+00:00,98.86,98.87,98.84,98.855,35064.0,0
887,2009-06-24 00:00:00+00:00,98.86,98.93,98.855,98.91,75006.0,0
888,2009-06-25 00:00:00+00:00,98.92,98.95,98.91,98.94,57151.0,0
889,2009-06-26 00:00:00+00:00,98.945,98.96,98.935,98.95,71483.0,0
890,2009-06-29 00:00:00+00:00,98.945,98.955,98.94,98.945,32215.0,0
891,2009-06-30 00:00:00+00:00,98.94,98.955,98.925,98.955,32952.0,0
892,2009-07-01 00:00:00+00:00,98.955,98.97,98.945,98.96,49806.0,0
893,2009-07-02 00:00:00+00:00,98.96,99.01,98.95,99.0,61105.0,0
894,2009-07-03 00:00:00+00:00,98.995,99.02,98.985,98.99,83887.0,0
895,2009-07-06 00:00:00+00:00,98.985,98.995,98.98,98.99,44075.0,0
896,2009-07-07 00:00:00+00:00,98.985,99.0,98.98,98.995,23876.0,0
897,2009-07-08 00:00:00+00:00,99.0,99.0,98.985,98.99,33801.0,0
898,2009-07-09 00:00:00+00:00,98.99,99.0,98.99,98.995,27097.0,0
899,2009-07-10 00:00:00+00:00,98.995,99.005,98.995,98.995,25218.0,0
900,2009-07-13 00:00:00+00:00,99.0,99.005,99.0,99.0,5796.0,0
901,2009-07-14 00:00:00+00:00,99.075,99.085,99.06,99.08,17963.0,0
902,2009-07-15 00:00:00+00:00,99.08,99.085,99.075,99.085,8099.0,0
903,2009-07-16 00:00:00+00:00,99.085,99.12,99.08,99.12,19580.0,0
904,2009-07-17 00:00:00+00:00,99.115,99.135,99.115,99.13,8932.0,0
905,2009-07-20 00:00:00+00:00,99.14,99.14,99.115,99.13,7467.0,0
906,2009-07-21 00:00:00+00:00,99.13,99.135,99.125,99.125,6037.0,0
907,2009-07-22 00:00:00+00:00,99.13,99.135,99.11,99.12,6476.0,0
908,2009-07-23 00:00:00+00:00,99.11,99.125,99.11,99.115,10540.0,0
909,2009-07-24 00:00:00+00:00,99.115,99.135,99.11,99.115,5480.0,0
910,2009-07-27 00:00:00+00:00,99.125,99.13,99.115,99.12,5055.0,0
911,2009-07-28 00:00:00+00:00,99.12,99.145,99.12,99.14,7770.0,0
912,2009-07-29 00:00:00+00:00,99.14,99.15,99.14,99.145,4437.0,0
913,2009-07-30 00:00:00+00:00,99.15,99.16,99.145,99.16,18324.0,0
914,2009-07-31 00:00:00+00:00,99.155,99.16,99.15,99.16,16153.0,0
915,2009-08-03 00:00:00+00:00,99.155,99.16,99.15,99.15,3186.0,0
916,2009-08-04 00:00:00+00:00,99.15,99.165,99.14,99.14,16130.0,0
917,2009-08-05 00:00:00+00:00,99.15,99.15,99.125,99.135,8379.0,0
918,2009-08-06 00:00:00+00:00,99.125,99.14,99.12,99.135,11466.0,1
919,2009-08-07 00:00:00+00:00,99.13,99.135,99.12,99.13,15478.0,1
920,2009-08-10 00:00:00+00:00,99.13,99.13,99.115,99.12,3382.0,1
921,2009-08-11 00:00:00+00:00,99.125,99.13,99.115,99.125,7261.0,1
922,2009-08-12 00:00:00+00:00,99.125,99.135,99.125,99.135,8219.0,0
923,2009-08-13 00:00:00+00:00,99.13,99.14,99.125,99.135,19311.0,0
924,2009-08-14 00:00:00+00:00,99.14,99.145,99.135,99.135,5339.0,0
925,2009-08-17 00:00:00+00:00,99.135,99.14,99.13,99.14,1856.0,1
926,2009-08-18 00:00:00+00:00,99.175,99.185,99.16,99.165,144306.0,0
927,2009-08-19 00:00:00+00:00,99.17,99.185,99.16,99.175,90444.0,0
928,2009-08-20 00:00:00+00:00,99.175,99.19,99.17,99.185,195659.0,0
929,2009-08-21 00:00:00+00:00,99.185,99.19,99.165,99.175,144207.0,0
930,2009-08-24 00:00:00+00:00,99.18,99.19,99.17,99.19,118264.0,0
931,2009-08-25 00:00:00+00:00,99.185,99.19,99.18,99.185,82886.0,0
932,2009-08-26 00:00:00+00:00,99.19,99.195,99.18,99.195,93090.0,0
933,2009-08-27 00:00:00+00:00,99.195,99.235,99.185,99.225,178370.0,0
934,2009-08-28 00:00:00+00:00,99.23,99.235,99.22,99.225,158519.0,0
935,2009-08-31 00:00:00+00:00,99.225,99.25,99.21,99.215,46764.0,0
936,2009-09-01 00:00:00+00:00,99.225,99.225,99.19,99.195,184849.0,0
937,2009-09-02 00:00:00+00:00,99.195,99.215,99.195,99.205,126284.0,0
938,2009-09-03 00:00:00+00:00,99.205,99.235,99.195,99.22,370439.0,0
939,2009-09-04 00:00:00+00:00,99.22,99.23,99.215,99.22,146321.0,0
940,2009-09-07 00:00:00+00:00,99.225,99.245,99.22,99.235,157837.0,0
941,2009-09-08 00:00:00+00:00,99.235,99.24,99.225,99.235,140713.0,0
942,2009-09-09 00:00:00+00:00,99.23,99.245,99.225,99.235,112508.0,0
943,2009-09-10 00:00:00+00:00,99.235,99.24,99.23,99.23,141780.0,0
944,2009-09-11 00:00:00+00:00,99.235,99.235,99.225,99.23,166324.0,0
945,2009-09-14 00:00:00+00:00,99.23,99.235,99.23,99.235,33229.0,0
946,2009-09-15 00:00:00+00:00,99.29,99.29,99.265,99.27,34176.0,0
947,2009-09-16 00:00:00+00:00,99.275,99.275,99.245,99.245,23322.0,0
948,2009-09-17 00:00:00+00:00,99.25,99.25,99.215,99.24,32995.0,0
949,2009-09-18 00:00:00+00:00,99.255,99.26,99.24,99.25,33503.0,0
950,2009-09-21 00:00:00+00:00,99.255,99.265,99.245,99.265,32309.0,0
951,2009-09-22 00:00:00+00:00,99.26,99.275,99.26,99.275,14452.0,0
952,2009-09-23 00:00:00+00:00,99.27,99.29,99.27,99.285,36978.0,0
953,2009-09-24 00:00:00+00:00,99.29,99.295,99.285,99.29,43167.0,0
954,2009-09-25 00:00:00+00:00,99.295,99.295,99.275,99.28,15436.0,0
955,2009-09-28 00:00:00+00:00,99.28,99.29,99.28,99.285,45961.0,0
956,2009-09-29 00:00:00+00:00,99.285,99.29,99.275,99.28,54111.0,0
957,2009-09-30 00:00:00+00:00,99.28,99.28,99.24,99.255,29584.0,0
958,2009-10-01 00:00:00+00:00,99.255,99.26,99.245,99.255,19255.0,0
959,2009-10-02 00:00:00+00:00,99.255,99.26,99.255,99.26,8807.0,0
960,2009-10-05 00:00:00+00:00,99.26,99.27,99.255,99.265,19982.0,0
961,2009-10-06 00:00:00+00:00,99.26,99.27,99.26,99.26,12629.0,0
962,2009-10-07 00:00:00+00:00,99.265,99.275,99.24,99.25,43182.0,0
963,2009-10-08 00:00:00+00:00,99.25,99.26,99.24,99.245,23165.0,0
964,2009-10-09 00:00:00+00:00,99.24,99.245,99.225,99.23,13488.0,0
965,2009-10-12 00:00:00+00:00,99.24,99.255,99.24,99.25,13902.0,0
966,2009-10-13 00:00:00+00:00,99.25,99.26,99.245,99.255,14716.0,0
967,2009-10-14 00:00:00+00:00,99.255,99.26,99.25,99.25,14594.0,0
968,2009-10-15 00:00:00+00:00,99.255,99.26,99.25,99.255,30536.0,0
969,2009-10-16 00:00:00+00:00,99.255,99.265,99.255,99.265,27118.0,0
970,2009-10-19 00:00:00+00:00,99.26,99.265,99.26,99.265,5538.0,0
971,2009-10-20 00:00:00+00:00,99.215,99.23,99.215,99.23,18381.0,0
972,2009-10-21 00:00:00+00:00,99.225,99.235,99.225,99.23,6800.0,0
973,2009-10-22 00:00:00+00:00,99.235,99.255,99.23,99.255,12873.0,1
974,2009-10-23 00:00:00+00:00,99.25,99.255,99.24,99.25,9246.0,0
975,2009-10-26 00:00:00+00:00,99.255,99.27,99.25,99.25,7658.0,1
976,2009-10-27 00:00:00+00:00,99.26,99.265,99.255,99.265,7292.0,0
977,2009-10-28 00:00:00+00:00,99.265,99.27,99.26,99.27,16800.0,0
978,2009-10-29 00:00:00+00:00,99.27,99.27,99.255,99.255,17957.0,0
979,2009-10-30 00:00:00+00:00,99.265,99.27,99.255,99.265,7930.0,0
980,2009-11-02 00:00:00+00:00,99.27,99.27,99.26,99.26,6888.0,0
981,2009-11-03 00:00:00+00:00,99.27,99.28,99.265,99.27,7214.0,0
982,2009-11-04 00:00:00+00:00,99.275,99.275,99.265,99.27,7254.0,0
983,2009-11-05 00:00:00+00:00,99.27,99.29,99.27,99.29,8666.0,0
984,2009-11-06 00:00:00+00:00,99.29,99.29,99.275,99.28,19590.0,0
985,2009-11-09 00:00:00+00:00,99.28,99.28,99.27,99.27,14354.0,0
986,2009-11-10 00:00:00+00:00,99.275,99.28,99.275,99.28,5808.0,0
987,2009-11-11 00:00:00+00:00,99.275,99.285,99.275,99.285,4292.0,0
988,2009-11-12 00:00:00+00:00,99.285,99.29,99.28,99.285,7892.0,0
989,2009-11-13 00:00:00+00:00,99.29,99.29,99.285,99.29,7348.0,0
990,2009-11-16 00:00:00+00:00,99.285,99.29,99.28,99.29,10389.0,0
991,2009-11-17 00:00:00+00:00,99.27,99.275,99.26,99.265,139992.0,1
992,2009-11-18 00:00:00+00:00,99.265,99.27,99.255,99.265,86690.0,1
993,2009-11-19 00:00:00+00:00,99.265,99.27,99.26,99.26,155940.0,1
994,2009-11-20 00:00:00+00:00,99.26,99.27,99.225,99.26,191536.0,1
995,2009-11-23 00:00:00+00:00,99.26,99.265,99.25,99.255,189130.0,0
996,2009-11-24 00:00:00+00:00,99.25,99.265,99.225,99.245,186328.0,0
997,2009-11-25 00:00:00+00:00,99.245,99.25,99.235,99.245,139639.0,0
998,2009-11-26 00:00:00+00:00,99.24,99.26,99.24,99.255,165631.0,0
999,2009-11-27 00:00:00+00:00,99.26,99.265,99.205,99.245,263302.0,0
1000,2009-11-30 00:00:00+00:00,99.245,99.255,99.23,99.245,115434.0,0
1001,2009-12-01 00:00:00+00:00,99.245,99.255,99.235,99.245,152880.0,0
1002,2009-12-02 00:00:00+00:00,99.245,99.26,99.245,99.25,121957.0,0
1003,2009-12-03 00:00:00+00:00,99.25,99.285,99.24,99.27,285222.0,0
1004,2009-12-04 00:00:00+00:00,99.27,99.285,99.265,99.27,183618.0,0
1005,2009-12-07 00:00:00+00:00,99.27,99.28,99.26,99.28,135645.0,0
1006,2009-12-08 00:00:00+00:00,99.275,99.305,99.275,99.285,143597.0,0
1007,2009-12-09 00:00:00+00:00,99.28,99.285,99.275,99.28,83541.0,0
1008,2009-12-10 00:00:00+00:00,99.275,99.285,99.26,99.28,81700.0,0
1009,2009-12-11 00:00:00+00:00,99.28,99.285,99.28,99.28,101236.0,0
1010,2009-12-14 00:00:00+00:00,99.285,99.29,99.28,99.29,73945.0,0
1011,2009-12-15 00:00:00+00:00,99.245,99.255,99.24,99.25,50250.0,1
1012,2009-12-16 00:00:00+00:00,99.265,99.28,99.255,99.27,33317.0,0
1013,2009-12-17 00:00:00+00:00,99.275,99.285,99.27,99.28,12660.0,0
1014,2009-12-18 00:00:00+00:00,99.28,99.29,99.275,99.28,13716.0,0
1015,2009-12-21 00:00:00+00:00,99.285,99.29,99.28,99.285,8894.0,0
1016,2009-12-22 00:00:00+00:00,99.28,99.29,99.28,99.29,16496.0,0
1017,2009-12-23 00:00:00+00:00,99.29,99.29,99.285,99.29,15728.0,0
1018,2009-12-24 00:00:00+00:00,99.29,99.29,99.285,99.29,11640.0,0
1019,2009-12-28 00:00:00+00:00,99.295,99.295,99.29,99.295,4192.0,0
1020,2009-12-29 00:00:00+00:00,99.29,99.295,99.29,99.29,15222.0,0
1021,2009-12-30 00:00:00+00:00,99.295,99.3,99.285,99.29,37809.0,0
1022,2009-12-31 00:00:00+00:00,99.295,99.295,99.285,99.285,8868.0,0
